id,bid,user_id,用户昵称,微博正文,头条文章url,发布位置,艾特用户,话题,转发数,评论数,点赞数,发布时间,发布工具,微博图片url,微博视频url,retweet_id,ip,user_authentication,会员类型,会员等级
5226858012477872,QbgHnaoBG,5595984716,枫林残忆林小七,#兴趣创作计划美妆篇#梦想是照亮平凡的星童年的梦想总裹着糖霜般的甜。我七岁那年，在县城老电影院看了一场露天电影，银幕上宇航员漂浮在深蓝色的太空里，地球像一颗缀满光的玻璃弹珠悬在宇宙中。散场后，我攥着妈妈的手，仰头望着被路灯染成橘色的夜空，固执地说：“我要去摸那颗最大的星星。”妈妈笑着揉我的头发，没把这句孩子气的话当真，可那颗“星星”却落进了我心里，成了藏在铅笔盒最底层的秘密——一张画满歪扭火箭的草稿纸。后来我才知道，梦想不是踮脚就能摸到的星星，它更像埋在泥土里的种子，要穿过重重硬壳，才能顶开地面。初中时，我的物理成绩糟糕得让老师皱眉，电路图像缠绕的乱麻，受力分析总让我把“摩擦力”和“重力”弄混。有次月考，试卷上的红叉密密麻麻，我盯着那道关于“宇宙速度”的填空题，突然想起童年仰望星空的夜晚，眼泪没忍住砸在卷子上。那天放学，我没像往常一样跑去操场，而是把自己关在房间里，翻出爸爸旧书柜里的《天文爱好者》，一页页啃那些满是术语的文字，遇到不懂的就用红笔圈起来，第二天追着老师问。从“牛顿三定律”到“开普勒行星运动定律”，我用了整整半年，把物理课本翻得卷了边，草稿纸堆成了小山，终于在期末考里，拿到了第一个“优秀”。那天我把试卷叠好，压在童年的火箭草稿纸上，忽然明白：梦想不是空想的甜，是咬牙坚持的苦，熬过去，才能尝到一点回甘。高中的教室后墙，贴着每个人的“目标大学”。我在便利贴上写下“南京大学天文系”，贴在最显眼的位置。可现实的风，总在不经意间吹得人摇晃。高三上学期，一次模拟考我排名掉了五十多名，班主任找我谈话，语气恳切：“天文系分数高，就业面窄，你要不要考虑更稳妥的专业？”那天晚自习，我看着便利贴上的字，手指反复摩挲着“天文”两个字，心里像压了块石头。放学路上，我绕到学校的天文台，透过小小的望远镜，看到月亮上清晰的环形山，像被时光刻下的印章。忽然想起七岁那年，我以为星星是发光的石头；现在我知道，它们是燃烧的恒星，要穿越几万光年的黑暗，才能把光送到地球。我凭什么因为一点挫折，就放弃自己追寻了十年的光？从那以后，我把“稳妥”两个字从字典里删掉。每天清晨，我是教室里第一个开灯的人，借着晨光背英语单词；深夜，台灯下的习题册写满了演算的痕迹，困了就洗把冷水脸，抬头看看窗外的星星——它们还在亮着，我的梦想也该一样。有次感冒发烧，我抱着热水袋做题，头晕得厉害，却固执地不肯请假；过年时，家人围在一起看春晚，我躲在房间里刷真题，听着外面的笑声，心里却很踏实。我知道，那些看似孤独的坚持，都是在为梦想铺路，每多做一道题，就离那颗“星星”近一步。高考放榜那天，我握着手机的手在发抖，当“南京大学天文系”这行字跳出来时，我忽然蹲在地上哭了，不是因为终于实现了梦想，而是想起那些在黑暗里咬牙前行的日子，想起童年的自己仰望星空的模样。现在的我，会在实验室里对着数据熬到深夜，会跟着老师去天文台观测流星雨，当望远镜里的星星清晰地展现在眼前时，我总会想起七岁那年的夜晚——原来梦想从来不是摸得到的星星，而是照亮我走过平凡岁月的光。它让我在成绩糟糕时不放弃，在别人质疑时不退缩，在无数个疲惫的深夜里，依然有勇气相信：只要朝着光的方向走，哪怕走得慢一点，也终将抵达。这就是梦想的意义吧——它不是遥不可及的奇迹，是藏在每个平凡人心里的火种，只要你愿意为它添柴，它就会烧得越来越旺，照亮你走过的每一步路。,,,,兴趣创作计划美妆篇,0,0,3,2025-10-28 22:58,vivo S12 Pro,,,,,普通用户,非会员,0
5226854694786468,QbgC1k5b6,5838732510,就说喜欢吃葡萄吧,26新传考研必看：这些985院校的招生人数你一定要知道！！！！从上述招生数据来看，985院校在学硕以推免为主的情况下，专硕则给各位考生留足了统考名额，且近年来存在专硕扩招趋势。中央民族大学（专硕）、复旦大学（专硕）、南京大学（专硕）、北京师范大学（专硕）、湖南大学（专硕）、四川大学（专硕）等院校的统招人数较多。2026年，985新传院校中，专硕招生人数超过20人的有18所院校。其中，中央民族大学统招专硕101人，按照民大以往在最终录取阶段扩招的惯例来看，或许还会有惊喜喜（扩招迹象）。#考研打卡##研究生##新传考研#新传考研超话#新传##考研#,,,,"考研打卡,研究生,新传考研,新传,考研",0,0,0,2025-10-28 22:45,小米11,"https://wx1.sinaimg.cn/large/006n8J30ly1i6sh2l7obxj30qg1f046a.jpg,https://wx4.sinaimg.cn/large/006n8J30ly1i6sh2nj13gj30ri1luqch.jpg",,,,普通用户,非会员,0
5226853465588946,QbgA2nrWi,5619543671,是Ustinian鸭,南京大学钙钛矿叠层太阳能电池效率突破30%大关研究背景与成果•10月28日消息，据媒体报道，南京大学助理教授林仁兴与教授谭海仁团队设计出一种基于偶极钝化策略的全钙钛矿叠层太阳能电池，其光电转换效率经日本电气安全和环境技术实验室认证，高达30.1%，标志着多晶薄膜太阳能电池的光电转化效率首次突破30%大关。效率提升的限制因素•目前，全钙钛矿叠层电池的效率提升主要受限于开路电压和填充因子偏小。•论文第一作者兼通讯作者林仁兴指出，在铅—锡混合窄带隙钙钛矿电池中，实现高短路电流密度的同时难以兼顾较高的开路电压和填充因子，是制约效率的关键瓶颈。偶极钝化层的引入•为解决该问题，研究团队在钙钛矿与空穴传输层界面引入了一种具有正偶极取向的偶极钝化层。•林仁兴解释，该钝化层可有效调节界面能级结构，促使载流子形成有利的排列方式，从而增强空穴抽取能力，减少非辐射复合，提升载流子传输性能。偶极钝化层的优化•然而，偶极钝化层在后续工艺中易受损，且取向难以精确控制，限制了其实际应用效果。•论文共同通讯作者谭海仁介绍，团队在探明钙钛矿与空穴传输层的组成与缺陷类型后，针对性开发出基于短链刚性芳香苯环的偶极钝化分子——对氨基苯磺酸，通过结构设计成功构建出取向可控、加工耐受性强的偶极层。研究意义•林仁兴表示：“该钝化策略推动了新型钙钛矿光伏技术从实验室迈向产业化，对光伏技术构建‘平价电网’具有重要意义。”#太阳能电池#,,,,太阳能电池,0,0,0,2025-10-28 22:40,三星Galaxy S23 Ultra,https://wx4.sinaimg.cn/large/0068j219gy1i6sgxtodnrj30go09mn0m.jpg,,,,普通用户,非会员,0
5226851917365719,QbgxxuU9V,1294978291,乐老师聊高考,高考志愿填报指南超话2025软科中国最好学科——法学学科，广东高校表现如何？10月15日，高等教育评价专业机构软科正式发布“2025软科中国最好学科排名”，6所高校法学学科进入A+（前3%）学科，分别为中国政法大学、武汉大学、中国人民大学、西南政法大学、华东政法大学和北京大学。广东高校表现最好的是中山大学，进入前12%（A-），全国排名第21位，与南京大学、西安交通大学、北京师范大学等并列。令人惊喜的是广东外语外贸大学，法学学科进入A-类，全国排名第25位。力压湖南大学、天津大学、华东师范大学和重庆大学等985高校。在省内高校中则力压华南理工大学、暨南大学、广州大学等。华南理工大学法学一直不太显山露水，此次软科排名表现不俗。进入前20%（B+），全国位居33位。深圳大学法学学科表现中规中矩，此次软科排名43位，进入前30%，与北京理工大学、对外经济贸易大学和中央财经大学等平级。广州大学法学学科进步明显，软科排名49位，进入前30%，与暨南大学、华中科技大学、安徽大学等高校平级。一向表现不错的暨南大学法学学科，本次软科排名47位，略高于广州大学，但低于广东外语外贸大学和深圳大学这两所双非大学。广东财经大学法学学科一直是其优势学科，奈何一直没有获得一级学科博士点，影响其全国排名，此次软科排名第66位，不算亮眼，也不算太差。其他上榜的广东高校还有华南师范大学，全国排名第69位。至于华南农业大学、广东工业大学、汕头大学等，则遗憾落榜。,,,,,0,0,0,2025-10-28 22:34,高考志愿填报指南超话,https://wx2.sinaimg.cn/large/4d2fccf3gy1i6sgrgqzsdj20u07h1ke5.jpg,,,,黄V,会员,7
5226849018055235,QbgsRxNx9,3957051581,南京市科学技术局,【我国太赫兹探测钙钛矿光伏技术登上权威期刊《自然》】我国下一代光伏技术取得新进展，南京大学谭海仁团队和国防科技创新研究院常超团队联合运用太赫兹技术，对全钙钛矿叠层光伏电池内部载流子输运行为实现精准、无损探测。改进后的电池光电转化效率突破30%，国际权威学术期刊《自然》10月28日在线发表相关研究论文。O网页链接（来源：新华社、江苏科技；编辑：刘洋；审核：王晓荣；发布：钱宸）,,,,,0,0,0,2025-10-28 22:22,微博网页版,https://wx3.sinaimg.cn/large/ebdbd0bdly1i6sgf9w7upj20rs0fngt7.jpg,,,,蓝V,非会员,0
5226847008982099,QbgpCBGEz,6020516658,育见新闻,#育见CETV#【2025年10月28日CETV1《育见》】今天播出《语文教科书中的古诗文为什么会有版本差异？》【主要内容】语文教材中的古诗文，是穿越了千百年的时间长廊，抵达我们眼前的文字瑰宝。它们最初被书写时，就是今日的模样吗？为何课本中的某些篇章，会与我们记忆中的其他版本，存在微妙的差异？面对这些承载着文明基因的文字，我们今日又该如何解读、如何传承？今天，我们共同《育见》南京大学教授柳士镇，义务教育语文教材编委会主任、北京师范大学教授王立军，一同探寻古诗文背后的生命轨迹。敬请关注！育见新闻的微博直播,,,,育见CETV,0,0,0,2025-10-28 22:15,微博直播平台,,,,,普通用户,会员,8
5226845751480735,QbgnB6dcP,1768409523,南京大学,#晚安南大#生活或许会有遗憾，但未来永远充满希望。愿你好梦相伴。晚安，南京大学。,,,,晚安南大,2,6,17,2025-10-28 22:10,微博网页版,https://wx1.sinaimg.cn/large/6967c9b3gy1i6r5v7mbz7j20iz0sgnmb.jpg,,,,蓝V,超级会员,1
5226843243546101,QbgjyeSvb,1708159150,中国大学生在线,#有个好梦#晚风已为你理清纷繁的思绪，流萤将为你引路。沿着星光的指引，走向你的甜梦吧。晚安～（via.@南京大学）,,,南京大学,有个好梦,1,9,7,2025-10-28 22:00,周一小中妹HarmonyOS设备,https://wx2.sinaimg.cn/large/65d070aely1i6r3m2yfjej20sg0izmyf.jpg,,,,蓝V,超级会员,1
5226828869669020,QbfWmEzlW,2054535795,热剧汪,这是吴石将军的遗孀王碧奎与四个孩子在一起。王碧奎的几个孩子都非常的长寿。长子吴韶成曾考入南京大学经济系，并一直在河南工作。后来，吴韶成前往美国探亲，并带回父亲吴石曾在狱中秘密写于画册背面的绝笔书。2015年，吴韶成病逝，享年88岁。长女吴兰成毕业于上海第一医学院，后一直在医疗系统工作。她与哥哥吴韶成曾一起前往美国探亲，见到母亲王碧奎与弟弟妹妹。2020年，吴兰成病逝，享年89岁。次女吴学成，在父亲吴石牺牲后，不得不辍学从事缝补工作，一边补贴家用，一边供应弟弟读书。她早早地结婚，成了家里的顶梁柱。2019年，吴学成病逝，享年85岁。幼子吴建成，在父亲牺牲后，吴建成与姐姐吴学成曾一度流落街头。后姐姐吴学成靠缝补供应吴建成上学。1977年，吴建成从大学毕业后，获得全额奖学金前往美国留学。当他获得硕士学位后将母亲接到美国。1981年，吴家人在美国团聚。L热剧汪的微博视频,,,,,22,15,185,2025-10-28 21:02,微博视频号,,"http://f.video.weibocdn.com/o0/CN2s8vyUlx08sxx8crAk010412007Xzf0E010.mp4?label=mp4_720p&template=736x720.25.0&ori=0&ps=1BVp4ysnknHVZu&Expires=1761985118&ssig=fb8Tm%2BNmnO&KID=unistore,video",,,金V,超级会员,2
5226827077389748,QbfTtv0pu,7690679129,豆包布朗熊,高考考上二本西京大学，退学复读考上南京大学，研究生考上北京大学，博士出国读东京大学。未来会出现这样的传奇吗？O网页链接,,,,,0,0,0,2025-10-28 20:55,Android,,,,,普通用户,非会员,0
5226816904106574,QbfD4hej4,6215957955,博学视界,#郑炳-经济学与金融专硕考研直播#@郑炳-经济学与金融专硕考研考研专业课备考冲刺阶段，真题训练与论述题预测方法，结合考试大纲和命题趋势进行针对性复习，关注货币政策等高频考点。L博学视界的微博视频,,,郑炳-经济学与金融专硕考研,郑炳-经济学与金融专硕考研直播,0,0,0,2025-10-28 20:15,微博视频号,,"http://f.video.weibocdn.com/o0/VW1GkIcblx08sxtP8AIU01041200b98y0E010.mp4?label=mp4_720p&template=1280x720.25.0&ori=0&ps=1BVp4ysnknHVZu&Expires=1761985132&ssig=TeG6kcx64E&KID=unistore,video",,,黄V,非会员,0
5226814496571552,QbfzbrzyM,1709951635,哈尔滨日报,【#南大开课做古籍文创首场21秒抢空#】#南京大学图书馆又整活#还记得圈粉南大学子的“何以补苍天”古籍修复体验课吗？今年，@南京大学图书馆上线可爱的小书——微古籍订线体验活动，在古籍特藏部文献修复中心老师的带领下，同学们成为“古籍小工匠”，沉浸式感受古籍文化的魅力，打造专属于自己的独家文创，称霸“手作江湖”。这是南京大学图书馆本学期开设的劳动教育课程，课程中，同学们需要穿针引线，以四眼线装书订线方法将迷你“古籍”装订成册。贴上磁贴，一本独一无二的迷你古籍线装书冰箱贴就诞生了。这门课程十分火爆，21秒首节课程名额就一抢而空，毕竟，哪个“古籍小工匠”能拒绝一本“可爱的小书”呢？L现代快报的微博视频,,南京,南京大学,"南大开课做古籍文创首场21秒抢空,南京大学图书馆又整活",0,1,1,2025-10-28 20:05,微博视频号,,"http://f.video.weibocdn.com/o0/ibTjfyF5lx08sxp2sutq01041200jXed0E010.mp4?label=mp4_hd&template=480x854.24.0&ori=0&ps=1BVp4ysnknHVZu&Expires=1761985132&ssig=3yRoPrUGJB&KID=unistore,video",,,普通用户,超级会员,1
5226813275769951,Qbfxdod1J,1191965271,三联生活周刊,【#985硕士女生多了#】#专家建议谨慎对待高等教育扩招#据经济观察报报道，从8月中旬至今，多所985高校陆续公布2025年新生大数据。作为中国最顶尖的一批高校，它们的招生数据变化，能在一定程度上反映国内高精尖教育的趋势。梳理2019年至今的985高校新生数据可见，绝大多数985高校研究生（“硕士+博士”）招生规模已超本科；在复旦大学、上海交通大学等高校中，两者差距甚至在一倍以上。同时，985高校研究生扩招增速也明显快于本科，浙江大学、中山大学、四川大学等高校研究生招生规模已超1万人。在985高校的本、硕、博阶段，男女比例（男性新生/女性新生）呈现“V”形波动：本科新生中，绝大多数985高校稳定为“男多女少”，电子科技大学、西北工业大学等理工类985高校的男生占比多在2/3以上；硕士新生中，女性占比相比本科显著提升，兰州大学、南京大学等出现“硕士新生男少女多”现象；博士新生中，男女比例再次扩大，男生新生数量再次大幅反超女性。暨南大学经济与社会研究院院长冯帅章表示，从长远看，高等教育扩张对人才培养、人力资本水平的提升具有重要意义。目前，由于高考人数有望逐年上升，高等教育体系仍存在较强的扩招动力。但近几年，研究生宿舍资源紧张、大班授课成为常态等扩招“后遗症”屡见不鲜。因此，建议谨慎对待高等教育的扩招。如果需要在质量和数量间取舍，应优先保障培养质量。二十一世纪教育研究院院长熊丙奇表示，未来10余年本科和研究生预计会持续扩招，因此根据出生人口推算，2040年左右中国所有考生或可上本科，30%的适龄学生可读研究生。但实际上，社会不需要这么多学术型人才，这可能导致大量拥有研究生学历的毕业生，从事仅需本科、专科学历的工作。,,,,"985硕士女生多了,专家建议谨慎对待高等教育扩招",28,21,129,2025-10-28 20:00,微博网页版,"https://wx3.sinaimg.cn/large/001iFmCjly1i6scb59ok7j60hg084mye02.jpg,https://wx2.sinaimg.cn/large/001iFmCjly1i6scb96renj60dy0di75p02.jpg",,,,蓝V,超级会员,3
5226810142625434,Qbfsab0ZI,7729521870,小谭---Seven,【盼雪的时刻又来了】根据南京大学气候预测研究重点实验室发布的次季节（25/26冬）的最新模型预测，全国大部偏冷，北方、长江流域降水偏多，有利冷冬，再加上拉尼娜加持，个人认为这很有可能一个千载难逢的冷冬年。再根据月亮赤纬角测算，可能会有寒冷之兆，不要看今年热的久入秋晚，这并不影响冷冬发生的可能性哦。福建中北部降雪机会大增，福州也有下雪的机会！以圆福建2024年部分地区低海拔平地没有积雪的遗憾！#气象信息##今年冬天会是冷冬吗#附一张：福建省建国后各地最大积雪深度分布图，何时才能纷纷扬扬下场鹅毛大雪呢？,,,,"气象信息,今年冬天会是冷冬吗",0,15,25,2025-10-28 19:48,魅族 17 Pro,"https://wx3.sinaimg.cn/large/008r6hJAgy1i6sbjjm2hbj32go1jgtph.jpg,https://wx3.sinaimg.cn/large/008r6hJAgy1i6sbr16vi5j30sg0e8ard.jpg,https://wx4.sinaimg.cn/large/008r6hJAgy1i6sbr1imkjj30lc0aodhu.jpg,https://wx1.sinaimg.cn/large/008r6hJAgy1i6sbr1u3huj30lc0aoac6.jpg,https://wx4.sinaimg.cn/large/008r6hJAgy1i6sbr24pwjj30lc0ao40v.jpg,https://wx1.sinaimg.cn/large/008r6hJAgy1i6sbr2fwv7j30lc0ao76o.jpg,https://wx4.sinaimg.cn/large/008r6hJAgy1i6sbw4z6tpj31400u0wna.jpg,https://wx3.sinaimg.cn/large/008r6hJAgy1i6sbxapp57j318g1buahx.jpg",,,,普通用户,非会员,0
5226806632515364,Qbfmvaymo,7784023204,萌祎猫卷,"食堂让同学们点自己想吃的菜，大学生：那我就不客气了哈！""大学生""南京大学食堂点菜牌太好笑了L萌祎猫卷的微博视频",,,,,0,0,14,2025-10-28 19:34,微博视频号,,"http://f.video.weibocdn.com/o0/YZpXyiZ1lx08sxr4Bfsc010412007rQJ0E010.mp4?label=mp4_720p&template=720x1280.24.0&ori=0&ps=1BVp4ysnknHVZu&Expires=1761985132&ssig=2yElpyVNNR&KID=unistore,video",,,红V,超级会员,1
5226806631210500,Qbfmv54Uc,7837848385,现代Plus,【#南大开课做古籍文创首场21秒抢空#】#南京大学图书馆又整活#还记得圈粉南大学子的“何以补苍天”古籍修复体验课吗？今年，@南京大学图书馆上线可爱的小书——微古籍订线体验活动，在古籍特藏部文献修复中心老师的带领下，同学们成为“古籍小工匠”，沉浸式感受古籍文化的魅力，打造专属于自己的独家文创，称霸“手作江湖”。这是南京大学图书馆本学期开设的劳动教育课程，课程中，同学们需要穿针引线，以四眼线装书订线方法将迷你“古籍”装订成册。贴上磁贴，一本独一无二的迷你古籍线装书冰箱贴就诞生了。这门课程十分火爆，21秒首节课程名额就一抢而空，毕竟，哪个“古籍小工匠”能拒绝一本“可爱的小书”呢？L现代快报的微博视频,,南京,南京大学,"南大开课做古籍文创首场21秒抢空,南京大学图书馆又整活",0,0,0,2025-10-28 19:34,微博视频号,,"http://f.video.weibocdn.com/o0/ibTjfyF5lx08sxp2sutq01041200jXed0E010.mp4?label=mp4_hd&template=480x854.24.0&ori=0&ps=1BVp4ysnknHVZu&Expires=1761985132&ssig=3yRoPrUGJB&KID=unistore,video",,,普通用户,非会员,0
5226806614430296,QbfmtiAwo,6536846182,现代快报快快看视频,【#南大开课做古籍文创首场21秒抢空#】#南京大学图书馆又整活#还记得圈粉南大学子的“何以补苍天”古籍修复体验课吗？今年，@南京大学图书馆上线可爱的小书——微古籍订线体验活动，在古籍特藏部文献修复中心老师的带领下，同学们成为“古籍小工匠”，沉浸式感受古籍文化的魅力，打造专属于自己的独家文创，称霸“手作江湖”。这是南京大学图书馆本学期开设的劳动教育课程，课程中，同学们需要穿针引线，以四眼线装书订线方法将迷你“古籍”装订成册。贴上磁贴，一本独一无二的迷你古籍线装书冰箱贴就诞生了。这门课程十分火爆，21秒首节课程名额就一抢而空，毕竟，哪个“古籍小工匠”能拒绝一本“可爱的小书”呢？L现代快报的微博视频,,南京,南京大学,"南大开课做古籍文创首场21秒抢空,南京大学图书馆又整活",0,0,0,2025-10-28 19:34,微博视频号,,"http://f.video.weibocdn.com/o0/ibTjfyF5lx08sxp2sutq01041200jXed0E010.mp4?label=mp4_hd&template=480x854.24.0&ori=0&ps=1BVp4ysnknHVZu&Expires=1761985132&ssig=3yRoPrUGJB&KID=unistore,video",,,普通用户,会员,7
5226804526717001,Qbfj6sboJ,1641561812,经济观察报,【奋进的女同学们：985硕士女生多了！】#985女硕士多了#从8月中旬至今，多所985高校陆续公布2025年新生大数据。作为中国最顶尖的一批高校，它们的招生数据变化，能在一定程度上反映国内高精尖教育的趋势。20世纪末，教育部提出创建世界一流大学和高水平大学，并将其命名为“985工程”，相关高校现俗称“985高校”。截至目前，985高校共39所。2019年11月，教育部官网提及，已将“211工程”和“985工程”等重点建设项目统筹为“双一流”建设。梳理2019年至今的985高校新生数据可见，绝大多数985高校研究生（“硕士+博士”）招生规模已超本科；在复旦大学、上海交通大学等高校中，两者差距甚至在一倍以上。同时，985高校研究生扩招增速也明显快于本科，浙江大学、中山大学、四川大学等高校研究生招生规模已超1万人。在985高校的本、硕、博阶段，男女比例（男性新生/女性新生）呈现“V”形波动：本科新生中，绝大多数985高校稳定为“男多女少”，电子科技大学、西北工业大学等理工类985高校的男生占比多在2/3以上；硕士新生中，女性占比相比本科显著提升，兰州大学、南京大学等出现“硕士新生男少女多”现象；博士新生中，男女比例再次扩大，男生新生数量再次大幅反超女性。O网页链接,,,,985女硕士多了,3,0,7,2025-10-28 19:26,微博网页版,https://wx3.sinaimg.cn/large/001N5Pdqly1i6sbb9jgwxj60u00hy41x02.jpg,,,,蓝V,超级会员,1
5226803087017527,QbfgMtrzV,2884463932,旅行中拒绝旅行,转：“叶子铭与中国现当代文学学科建设”研讨会在南京大学召开O网页链接O网页链接,,,,,0,0,0,2025-10-28 19:20,微博分享,,,,,黄V,会员,5
5226800708850763,QbfcWB8uf,1642512402,中国新闻周刊,【#985硕士女生多了#】#专家建议谨慎对待高等教育扩招#从8月中旬至今，多所985高校陆续公布2025年新生大数据。作为中国最顶尖的一批高校，它们的招生数据变化，能在一定程度上反映国内高精尖教育的趋势。梳理2019年至今的985高校新生数据可见，绝大多数985高校研究生（“硕士+博士”）招生规模已超本科；在复旦大学、上海交通大学等高校中，两者差距甚至在一倍以上。同时，985高校研究生扩招增速也明显快于本科，浙江大学、中山大学、四川大学等高校研究生招生规模已超1万人。在985高校的本、硕、博阶段，男女比例（男性新生/女性新生）呈现“V”形波动：本科新生中，绝大多数985高校稳定为“男多女少”，电子科技大学、西北工业大学等理工类985高校的男生占比多在2/3以上；硕士新生中，女性占比相比本科显著提升，兰州大学、南京大学等出现“硕士新生男少女多”现象；博士新生中，男女比例再次扩大，男生新生数量再次大幅反超女性。暨南大学经济与社会研究院院长冯帅章表示，从长远看，高等教育扩张对人才培养、人力资本水平的提升具有重要意义。目前，由于高考人数有望逐年上升，高等教育体系仍存在较强的扩招动力。但近几年，研究生宿舍资源紧张、大班授课成为常态等扩招“后遗症”屡见不鲜。因此，建议谨慎对待高等教育的扩招。如果需要在质量和数量间取舍，应优先保障培养质量。（经济观察报）,,,,"985硕士女生多了,专家建议谨慎对待高等教育扩招",465,612,8786,2025-10-28 19:11,,"https://wx4.sinaimg.cn/large/001N9Ovwly1i6th6s893dj60wq4qy1kx02.jpg,https://wx3.sinaimg.cn/large/001N9Ovwly1i6th6t1zf6j60wq56e1kx02.jpg,https://wx1.sinaimg.cn/large/001N9Ovwly1i6th6twanaj60wq5tw7wh02.jpg,https://wx1.sinaimg.cn/large/001N9Ovwly1i6th6uv5blj60wq8n7npd02.jpg",,,,普通用户,超级会员,2
5226799200209315,Qbfaw0Ss3,1656737654,现代快报,【#南大开课做古籍文创首场21秒抢空#】#南京大学图书馆又整活#还记得圈粉南大学子的“何以补苍天”古籍修复体验课吗？今年，@南京大学图书馆上线可爱的小书——微古籍订线体验活动，在古籍特藏部文献修复中心老师的带领下，同学们成为“古籍小工匠”，沉浸式感受古籍文化的魅力，打造专属于自己的独家文创，称霸“手作江湖”。这是南京大学图书馆本学期开设的劳动教育课程，课程中，同学们需要穿针引线，以四眼线装书订线方法将迷你“古籍”装订成册。贴上磁贴，一本独一无二的迷你古籍线装书冰箱贴就诞生了。这门课程十分火爆，21秒首节课程名额就一抢而空，毕竟，哪个“古籍小工匠”能拒绝一本“可爱的小书”呢？L现代快报的微博视频,,南京,南京大学,"南大开课做古籍文创首场21秒抢空,南京大学图书馆又整活",2,1,2,2025-10-28 19:05,微博视频号,,"http://f.video.weibocdn.com/o0/ibTjfyF5lx08sxp2sutq01041200jXed0E010.mp4?label=mp4_hd&template=480x854.24.0&ori=0&ps=1BVp4ysnknHVZu&Expires=1761985145&ssig=P4Jm5oZIUk&KID=unistore,video",,,普通用户,超级会员,2
5226799194964388,QbfavkPsM,1831650534,蝌蚪五线谱,多晶薄膜太阳能电池迎新突破，偶极钝化技术让光电转化效率超30%南京大学助理教授林仁兴、教授谭海仁团队在太阳能电池领域创下新纪，！他们研发的全钙钛矿叠层太阳能电池，光电转化效率经国际认证达30.1%，成为首个效率突破30%的多晶薄膜太阳能电池。此前全钙钛矿叠层电池效率受限于开路电压和填充因子，尤其铅—锡混合窄带隙电池难兼顾高电流与高电压。团队针对性设计了正偶极取向的钝化层，用对氨基苯磺酸分子精准构建结构，既调节了钙钛矿与空穴传输层的能级，减少载流子损耗、增强输运，还解决了钝化层加工易破坏的问题。这项技术能推动钙钛矿光伏技术走向产业，为构建“平价电网”提供助力。资料参考自：中国科技网图片来源于：千库网#多晶薄膜太阳能电池光电转化效率首次超过30%#,,,,多晶薄膜太阳能电池光电转化效率首次超过30%,1,0,1,2025-10-28 19:05,微博网页版,https://wx3.sinaimg.cn/large/6d2cc4e6ly1i6s8ywa1ydj24hs2io1ky.jpg,,,,蓝V,非会员,0
5226796083843470,Qbf5ug7Rs,2475369740,锦宏高考咨询,专业人才缺口巨大！多所985/211，布局这一新领域！据央视财经频道报道，脑机接口作为国家重点发展的未来产业，如今正加速从实验室向产业化迈进，高校、科研院所、企业、医院等逐步开展相关业务，专业人才缺口巨大。近年来，多所985大学率先行动，通过成立脑机接口相关研究中心、实验室，或设置相关本科专业的方式，成为这一领域的先行者。清华大学成立脑与智能实验室该实验室是清华大学专注于脑科学与人工智能领域的交叉科学研究所，下设多学科研究团队。主要研究系统及计算神经科学与人工智能的交叉领域，包括四大研究方向：智能科学、脑疾病、脑启发的人工智能、神经技术。其中，神经技术的目标是开发脑机接口、人机交互和神经调控方面的下一代智能技术，这些技术将带来一系列理解和调节大脑的新应用，例如可以阅读人类语言和情绪的新脑机接口，人机混合的艺术创作，以及改善人类情绪的大脑调节技术。天津大学已开设全国首个脑机接口专业方向拟设置脑机接口本科专业天津大学未来技术学院2024年开设了全国首个脑机接口专业方向，汇集天津大学医学部、自动化学院、微电子学院、智能与计算学部、数学学院等优势资源，旨在生物与信息融合领域培养一批具备设计－制造－研发未来生物智能电子接口能力，能够引领脑机交互技术进步与产业发展的卓越工程师和科学家。在课程设置上，围绕神经科学原理、传感材料与电子系统设计、脑机接口编解码技术、人因工程与神经工效等核心技术设置厚基础、宽口径的基础课程体系，以项目式课程/课程群为主体实施目标导向的模块化教学。在2025年度普通高等学校本科专业申报中，学校向教育部申报设置脑机接口本科专业。南京大学成立脑机接口研究院该研究院挂靠南京大学电子科学与工程学院。致力于无创脑机接口关键核心技术突破，聚焦电极阵列、神经成像、脑信息解码等核心方向，开展系统性创新，研发自主可控的脑机接口系统与装备，应用于脑卒中、阿尔茨海默病等重大脑疾病诊疗与康复。其研究方向主要包括脑信息生物成像、神经网络活动信息解码、脑机接口系统与医疗应用、类脑智能芯片与系统、生物医学人工智能等。北京航空航天大学成立大数据科学与脑机智能研究中心该中心依托计算机科学与技术、软件工程两个国家一级重点学科和软件开发环境国家重点实验室、虚拟现实技术与系统国家重点实验室等国家级平台成立。旨在围绕复杂大数据可计算、群体智能可学习、多态跨域知识可关联等科学问题，开创面向脑智能的数据科学、智能科学、认知科学三大研究方向，创建以数据建模、群智学习、知识图谱为重点的大数据科学理论体系，研制自组织、自适应、自生长的脑机智能技术系统，创造以脑机智能为核心的“机器脑”和“社会脑”。北京理工大学成立脑机接口与类脑智能研究中心该研究中心围绕人工智能与脑科学，致力于运用人工智能技术理论和方法，挖掘人脑特征，探索认知功能脑机制，同时受益于脑科学探究中获得的启发与灵感，开发新的人工智能理论方法，将脑机接口技术赋能于工业制造、医疗、军事。主要研究方向包括脑认知功能解码、脑机接口、认知神经科学启发的类脑智能。哈尔滨工业大学成立脑科学与类脑智能研究中心拟开设脑机科学与技术本科专业该研究中心由学校人工智能研究院牵头，联合计算机学院、生命学院等多个院系共建。面向计算机信息科学、脑科学、认知科学、控制科学与工程等学科的交汇之处，定位于信息技术领域和生物技术领域交叉学科，探索脑认知规律与病理机制，开发新一代类脑智能信息处理与计算平台，打造具有类脑智能的人工智能产品。重点开展脑科学、类脑智能以及脑机接口等研究，具体包括精神疾病的病理机制研究、认知规律与神经机制研究、脑控外骨骼与外肌肉系统、智慧医疗与脑健康平台研发等。在2025年度普通高等学校本科专业申报中，学校向教育部申报设置脑机科学与技术本科专业。来源：综合自中央电视台财经频道、各高校官网#高考#高考超话,,,,高考,0,0,0,2025-10-28 18:52,微博网页版,https://wx2.sinaimg.cn/large/938b250cly1i6sacmgzihj20u00f0n1l.jpg,,,,蓝V,非会员,0
5226793525051881,Qbf1mlcdX,5536454953,华东气象爱好者,【南大气候预测系统：冷冬】南京大学的气候模式（PSM-SPS）给中东部地区报了冷冬，长江中下游整季降水甚至偏多一倍以上（P1）。该模式对汛期的预报效果较好，P2-3为今年的预测/实况对比；冬季主导我国天气的系统不同于夏季，可靠性仍有待观察。,,,,,7,92,218,2025-10-28 18:42,vivo X200 Pro,"https://wx3.sinaimg.cn/large/0062GoQxgy1i6s9bj6do2j30m60dvwh7.jpg,https://wx4.sinaimg.cn/large/0062GoQxgy1i6s9ueyo0pj315o1zpqj3.jpg,https://wx1.sinaimg.cn/large/0062GoQxgy1i6s9ufouyoj315o1ptat3.jpg",,,,红V,超级会员,2
5226786499070463,QbeQ1C3DN,6087732417,小帅哥君与卿,刷到南京大学历史系支教老师袁辉十三年的支教故事，瞬间被戳中泪点：骑着二手摩托在巴东的山路上颠簸，把“玻璃娃娃”田艳青送进武大，这份跨越山海的坚守真的太让人动容了～更让人暖心的是，越来越多年轻人正顺着这份坚守的光，走进乡村课堂——就像汤臣倍健营养支教计划的大学生支教团，每年夏天，他们带着青春热血翻山越岭，行囊里装的不只是课本，还有为孩子们量身定制的“营养魔法”。他们会通过趣味课程搬进教室：用彩色拼图拼出膳食宝塔，带着孩子们做“果汁小实验”，教大家食物中都有哪些营养素，一日三餐怎样吃才能营养均衡。看着山里的孩子们从不懂营养，到慢慢知道该怎么吃才健康，这种细水长流的改变太戳人了。有人用十三年坚守搭建知识桥梁，有人用青春力量筑牢营养地基，不同的身影，同样的守护——这大概就是公益最动人的模样吧～#汤臣倍健营养支教##用科学营养生命#,,,," 汤臣倍健营养支教,用科学营养生命",1,5,11,2025-10-28 18:14,iPhone客户端,"https://wx1.sinaimg.cn/large/006DZvixgy1i6s98xvt0lj30qo0f0wpv.jpg,https://wx4.sinaimg.cn/large/006DZvixgy1i6s98yfmx1j30qo0f07k1.jpg,https://wx2.sinaimg.cn/large/006DZvixgy1i6s98yxlh4j30qo0hbaoi.jpg,https://wx1.sinaimg.cn/large/006DZvixgy1i6s98zbts1j30fe07rq7p.jpg,https://wx4.sinaimg.cn/large/006DZvixgy1i6s9907u9nj31no0w9b29.jpg,https://wx2.sinaimg.cn/large/006DZvixgy1i6s98xdne9j31nu0vx1js.jpg",,,,普通用户,非会员,0
5226784805093876,QbeNiln9i,1585328307,脚丫熊,本科新生中，绝大多数985高校稳定为“男多女少”，电子科技大学、西北工业大学等理工类985高校的男生占比多在2/3以上；硕士新生中，女性占比相比本科显著提升，兰州大学、南京大学等出现“硕士新生男少女多”现象；博士新生中，男女比例再次扩大，男生新生数量再次大幅反超女性。国内恢复高考后，“高考中女生理工科成绩整体低于男生”的现象一直没有改变。随着社会观念转变，头部理工科高校的男女数量差距已较20世纪大幅缩小。但在世界范围内的理工科高校招生中，女生占比提升存在一定的极限值，导致整体始终呈现“男多女少”的现象。985高校本科新生“男多女少”现象，与高校中理工科专业数量、招生数量占比更高相关。此前，多省份本科院校招生计划中，理工科专业招生数量往往是文科专业的两倍甚至三倍；20世纪90年代，部分理工类院校男女比甚至在5以上。近几年，985高校的文科专业扩招，推动其男女比下降。越来越多女生通过竞争进入这些理工专业突出的院校，推动学校朝着男女均衡的方向发展。相比于通过高考考入985高校本科，更高比例的女生成功“上岸”985高校硕士。,,,,,0,0,0,2025-10-28 18:07,微博网页版,,,,,普通用户,非会员,0
5226783775395099,QbeLDmDvJ,7528491737,琴师D018,#中日关系#划重点:代表团参访了侵华日军南京大屠杀遇难同胞纪念馆，并与南京大学学生围绕中日双方青年关心的话题座谈交流。这种中日年轻一代的交流活动非常好非常有必要,,,,中日关系,1,0,2,2025-10-28 18:03,Redmi Note 12 Turbo,https://wx4.sinaimg.cn/large/008duMC5gy1i6s8xrjzp1j30u037e7p1.jpg,,,,金V,超级会员,1
5226775287436093,QbexWvcsZ,2384122784,中国教育报,【风范已远映后学——追记杨振宁先生的教育情怀】10月24日上午，八宝山革命公墓礼堂前排起了蜿蜒的长龙，人们身着素衣、神情肃穆，前来送别杨振宁先生最后一程。　　连日来，哀思如潮。清华大学科学馆走廊上，上百束菊花绵延数十米；中山大学、南京大学的杨振宁雕像前，师生默立，鲜花环绕……杨振宁逝世后，全国数十所高校相继发文悼念，深情追忆他关心学校发展的点滴往事。　　“杨振宁先生不仅是一位伟大的科学家，也是一位伟大的教育家，他心系祖国教育、科技、人才事业，对中国高等教育改革发展产生了重要影响。”中国科学院院士、北京大学原校长陈佳洱说。　　破冰架桥　　为中国学者打开世界之窗　　“我仍然时常想起杨振宁先生邀请我们去美国学术访问的日子，那对我整个学术生涯的影响是飞跃性的。”听闻杨振宁逝世的消息后，82岁高龄的著名微分几何学家、复旦大学教授忻元龙难掩悲伤。　　1979年初，忻元龙等人应杨振宁邀请，赴美国纽约州立大学石溪分校访问，成为改革开放初期中国高校首批出国交流的学者。那时，杨振宁担任该校理论物理研究所所长。　　石溪分校的数学系就在理论物理研究所楼下。在那里，忻元龙打开了全新的学术视野，第一次接触到当时国际数学领域的新潮流“调和映照理论”，从此成为他长期的研究领域。“可以说，杨先生是我们对外开展学术交流的引路人。”忻元龙感慨。　　杨振宁是中美学术交流的“破冰者”。早在1971年，中美关系刚有松动时，他就冒着巨大的风险率先回到中国。此后他几乎每年回国，走访高校、举办讲座、与师生座谈……带来国际上最前沿的学术信息，让当时处在封闭环境中的中国学者与世界接轨。　　忻元龙清楚地记得1976年春天杨振宁来复旦大学作关于“杨-米尔斯规范场论”学术报告时的情景。　　“杨-米尔斯规范场论”是杨振宁和米尔斯在1954年提出的，被认为是现代物理学的基石之一，是与麦克斯韦方程和爱因斯坦广义相对论相媲美的最重要的基础物理理论之一。　　“那时国际上对这一理论的研究已经很热，我们却一无所知。杨先生提出了很多重要问题，把我们带到了国际最重要的研究方向上去。”忻元龙说。　　杨振宁始终相信，国内大学中有实力很强的研究人员，如果能及时掌握国际上的学术动向，抓住问题之所在，国内的研究力量会很快发挥出来。他在复旦大学发现了谷超豪等人的研究实力，并与他们合作发表了《规范场理论的若干问题》等文章，为科学界带来了新的突破，也为中外学术界提供了宝贵的交流范例。　　“他真是非常热心的人，发现我们有好成果，立马主动推荐到国际上去，提高了成果的国际影响力。”85岁的中国科学技术大学教授徐克尊回忆，1981年夏天，他向杨振宁汇报了团队“反常切伦科夫辐射实验”，杨振宁听后给予高度评价，并立即写信推荐至国际顶尖物理期刊上发表。　　为了让更多有潜力的中国中青年学者到美国进修，杨振宁亲自发起成立“与中国教育交流委员会（CEEC）”，并在中国香港、美国等地筹募资金。1981年至1992年间，该基金资助了80多位中国学者赴美访学。　　“杨先生对我们CEEC学者的要求是很严的。”91岁高龄的陈佳洱回忆，1982年他受资助前往纽约州立大学石溪分校原子核结构实验室，参与超导重离子直线加速器的研制，刚到校工作一个月，杨振宁就要求他提交研究工作进展情况和存在问题等的工作报告，此后，仍定期要求他书面汇报工作进展。　　而在学术之外，杨振宁却是平易近人的。忻元龙回忆，杨先生曾带他们去露天集市，买了一包当时国内罕见的开心果，笑着说，给你们尝尝。“我至今都记得这袋开心果，以及杨先生教的单词pistachio。”忻元龙说。　　杨振宁架起的一座座中外学术交流桥梁，对于当时资源有限的中国高校而言意义重大。那一代学人里，许多曾受杨振宁帮助的学者，后来都成长为中国顶尖大学的领导者，包括陈佳洱、复旦大学原校长杨福家、中国科学技术大学原校长谷超豪等，成为推动中国高等教育改革发展的重要力量。　　目光高远　　厚植基础科学沃土　　陈佳洱至今收藏着杨振宁写给他的一封信，时间是1997年8月28日。信中，杨振宁建议北京大学进行非超导与超导电子枪的研发，“此计划若能快速进行，达到世界第一的可能性极大！”字里行间透露着急切。　　这封看似普通的来信，承载着杨振宁对科研布局的深邃洞察。彼时，美国两大国家实验室正在部署发展基于加速器的自由电子激光。杨振宁凭借敏锐的目光，预见到这将是强激光领域发展的关键方向，必须把握机遇，迎头赶上。　　收到信的陈佳洱不敢懈怠，和同事一头扎进了这一前沿领域，他们攻克关键技术瓶颈，先后研制出了先进的直流—超导光阴极电子枪、性能优越的射频超导加速腔，以及国内第一台太赫兹的自由电子激光器等，使我国的射频超导技术达到了国际先进水平。　　在陈佳洱的记忆中，杨振宁多次来到北京大学重离子物理研究所，指导超导加速器装置的研发工作，“杨先生给了我们很大的支持和鼓励，是我们科研道路上的引路人”。　　杨振宁的远见卓识，早已超越物理学领域，深深融入了中国基础科学发展的脉络。早在1972年，他就向中央领导同志提议恢复和加强基础科学研究。　　在那个重工轻理的年代，这一建议如一声春雷，唤醒了沉寂已久的基础科学研究，悄然改变了一代知识分子的命运轨迹。　　“清华大学立即成立4个研究班，加强基础理论研究。清华配备了最好的老师，还从中国科学院、北大请了一批老师来教。”中国科学院院士、清华大学原校长顾秉林第一批参加了固体物理研究班的学习，开启了自己的学术生涯。　　此后半个多世纪，杨振宁躬行不辍，为祖国的基础科学厚植沃土。　　在南开大学，他推动建立理论物理研究室，不仅定期与师生讨论学术发展，还经常邀请国际一流学者交流，细心到举办国际会议时捐献计算机、打印机，乃至茶歇所需的咖啡机。在中山大学，他发起成立“高等学术研究中心基金会”，呵护那些有学术价值但不一定有经济价值的基础研究项目，如古文字学、人类学、民族学、数学等，一批中青年学者得以潜心探索……　　“愿在有生之年尽力帮助清华大学发展，尤其是使清华大学的理科重新建立起来。”1997年，清华大学成立高等研究中心（2009年更名为高等研究院），杨振宁应邀担任中心名誉主任，在清华大学开始了“他这辈子最后一件值得做的事情”。　　他提出“精干、择优、流动”的原则，聚焦理论物理、数学、计算机科学等前沿领域开展研究，从选聘人才、筹集经费到发展规划，杨振宁都积极出谋划策，甚至在高等研究院搬迁新址时，亲自画了卫生间设计图，因为他认为高等研究院是国际学术交流平台，卫生间气味会影响国外来访学者的体验。　　“杨先生特别强调了要保持中心良好的学术氛围。”顾秉林说，为此，研究人员要有高度的学术自由，不需要有申请经费的要求，也不需要有发表文章的要求，所有的事情都以学术为标准来讨论和处理。　　在杨振宁的力邀和影响下，林家翘、姚期智、王小云等一大批世界顶尖科学家加盟高等研究院。渐渐地，高等研究院在理论凝聚态物理、冷原子物理、理论计算机、密码学等领域形成了一批重要的研究成果，在国际上开始拥有举足轻重的地位和影响。　　甘为人梯　　培育科学薪火的“大先生”　　2021年，为贺杨振宁百岁华诞，清华大学2004级物理班和数理基础科学班以集体名义递交了一封亲笔信。信中写道：“时光荏苒，如今的我们，比彼时少了少年人的锋芒，但多了对家国的责任。不变的是您对我们的影响，增添了我们的智慧，涤荡了我们的心灵，指明了我们奋斗的方向……”　　这份跨越17年的师生情谊，始于一门物理课。当时，国内一些知名教授不愿为本科生授课，清华大学物理系教授朱邦芬正为此发愁，当他问杨振宁能不能为大一新生上物理课时，没想到，这位82岁的诺贝尔物理学奖获得者痛快地答应了。　　2004级物理系学生刘俊锐成了那一批中的幸运儿。在刘俊锐印象中，杨振宁的授课颇有见解和技巧。“记得讲到‘熵’这个概念时，杨先生说：‘书里的讲法不好，我们来这样讲。’他让我们完全忽略这个概念的存在，带我们做一些热力学上的推导，在推导过程中，‘熵’的概念被‘重新’发现和定义，这种教法让抽象概念变得生动自然。”　　课堂之外，杨振宁还会专门给学生安排一些小讲座，从与费米、爱因斯坦等科学大师的交往故事谈到父亲教诲，乃至西南联大岁月中的朦胧情愫，“这些故事很有趣，让我们在跨越时空的对话中领悟治学为人之道。”刘俊锐说。　　为中国培育杰出人才一直是杨振宁心中最牵挂的事。他在不同场合以“木板”与“箱子”比喻中、美教育的差异，提倡“渗透式学习”，强调“中国学生不仅要知之为知之，更要学会不知也要知”。　　这一理念启发了陈佳洱。在担任北京大学校长期间，他推动两项改革：文科生必须修至少4学分理科课程，理科生也需要修至少4学分文科课程，使学生具有更高的人文和科学文化素质，树立正确的“三观”，还推动成立了文学部、理学部，使得相近学科可以融会贯通。　　“杨先生特别关心我国的人才培养与教育质量，他的观点启发了国内多所高校进行人才培养模式改革。”陈佳洱表示。　　在清华大学，杨振宁更是做了大量多方面、多层次和全局性的工作。“从学校成立数理基础科学班，到创立清华学堂叶企孙物理班，再到启动清华物理‘攀登计划’，无不浸透着杨先生的教育理念和心血。”朱邦芬感慨道。　　作为杨振宁的关门弟子，20多年的言传身教让翟荟体会了何为“宁拙毋巧，宁朴毋华”的治学态度。“杨先生强调做学问要诚实、不投机取巧，要脚踏实地，从最简单的事情开始，一步一个脚印。”翟荟回忆，先生90多岁仍给他发邮件讨论新做的计算，2023年的最后一封邮件勉励他“请继续努力”。　　清华大学高等研究院教授汪忠曾得到杨振宁多次的点拨，当他准备在论文中署上先生姓名时，杨振宁却坚定地拒绝了，说自己并没有参与具体计算，不能掠美，并鼓励他继续深入下去。“这种严于律己、奖掖后学的襟怀，我永世难忘。”　　事实上，杨振宁对师生的关爱早已超越清华园。　　他支持中国科学技术大学少年班的发展，“应支持他们向擅长的方向发展，不要照搬一个模子”，并将魔方作为礼物，手把手地教学子们旋转拼合，叮嘱学子们，“要多读科普，拓宽视野”。　　在南京大学，听说当时部分学子生活艰苦，他立即捐出在各地讲学的1.5万美元讲课费，在南京大学设立了全球首个以他名字命名的奖学金，每年奖励10名品学兼优的本科生。　　得知东莞理工学院创办“杨振宁创新班”的设想，他欣然支持，并寄语学校抓住新一轮科技革命与产业变革的契机，培育栋梁之才。　　…………　　“杨先生不仅在科学领域不断突破，作出不朽的贡献，他的人格魅力、家国情怀也令人高山仰止，他的学术成就、精神和风范深深影响了几代中华学人。”顾秉林说。　　斯人已逝，追思犹存。　　在中山大学珠海校区的一隅，杨振宁25年前亲手种下的那株玉兰树，年年花开如雪，岁岁挺立常青。正如他卓然的风范与智慧，在无数学子心中，矗立起了一座永不褪色的精神丰碑。（本报记者焦以璇欧媚）,,,,,2,0,0,2025-10-28 17:30,微博网页版,,,,,普通用户,非会员,0
5226774080259202,Qbew015qG,2043349363,枫丿研达tui,高考倒计时222天，希望邵奕博进入赵永正班级（已经实现愿望分到赵永正老师班级），2026年6月6日、7日、8日、9日身体状况、生理状况、生物钟、状态达到最好年高考时身体状况、生理钟调到最佳状态（不感冒不生病状态好），2026年高考能考678分，能考省前300位，考上南京大学，（中科大、北航、哈工大、华科、北理、西交大、同济、东南、武大、电子科技、西工、南开、中山、华理、厦大）奕博一定可以🙏🙏🙏👊👊👊请为了目标加油请加油，请相信自己！高考倒计时255天（以前微博10.25）高考倒计时240天（以前微博10.10）高考倒计时262天（以前微博9.18）高考倒计时281天（以前微博8.29）高考倒计时314天（以前微博7.27）高考倒计时224天，10.26日今天我没看无用视频第35天，今天你开学了，希望你2周以后还是精神饱满，这次放假你说你放弃了每周学习半天强基的机会，你想用这个时间整理一下错题，我觉得你是经过充分考虑的，坚持你认为对的，这次你说导数的难题你还是做着困难，我还是希望你想办法把这个知识攻克一下，争取能弄好，今天看了25级一个班的成绩浮动，发现现在的排名真的不是最终名次的，有的孩子现在虽然排名不高，但是高考可能会考的很好，有的平时排名很好但高考不理想的也很多，有时我都焦虑了。今天因为在车站看书看视频忘记检票了发现车都发车了，也退不了款，我又重新的买的票才回来，我有时真的服了自己各种状况都有，一点也不细心。不要学我，你好好为明年高考准备，加油南大、中科大、北航、华科、等你，希望你相信自己。希望你努力，相信你一定会实现梦想，我们一起加油吧！祝愿梦想都实现，保同济、北理、华科、哈工大、西交、东南、武汉，冲南大、中科大、北航希望通过努力明年愿望都能实现！高考倒计时223天，10.27日今天我没看无用视频第36天，今天我看了老师最新发的视频上次我是冤枉你了，这次看到你的视频可是我说和你说你没早去一直没看到你，实在是对不起，现在这轮一定稳扎稳打，不然二轮加难度会有影响，希望你高考保持现在实力不要有太大波动。加油，你好好为明年高考准备加油南大、中科大、北航、华科、等你，希望你相信自己。希望你努力，相信你一定会实现梦想，我们一起加油吧！祝愿梦想都实现，保同济、北理、华科、哈工大、西交、东南、武汉，冲南大、中科大、北航希望通过努力明年愿望都能实现！高考倒计时222天，10.28日今天我没看无用视频第37天，昨天跑步第1天，你们都开始供暖也不知道今天会不会真的是个寒冬，但是就晚上回家这么大会儿还是不想交暖气费，希望你能攻克导数难题，这次两周状态好，不生病增加信心，头脑灵活的做新题型。加油，你好好为明年高考准备加油南大、中科大、北航、华科、等你，希望你相信自己。希望你努力，相信你一定会实现梦想，我们一起加油吧！祝愿梦想都实现，保同济、北理、华科、哈工大、西交、东南、武汉，冲南大、中科大、北航希望通过努力明年愿望都能实现！,,,,,0,0,0,2025-10-28 17:25,微博网页版,,,,,普通用户,非会员,0
5226772368722661,QbeteABa5,7630855265,南京飞象教育科技有限公司,分享视频L南京飞象教育科技有限公司的微博视频,,,,,0,0,0,2025-10-28 17:18,微博视频号,,"http://f.video.weibocdn.com/o0/XG52Oz8Nlx08sxhHMfSo01041200YmYL0E010.mp4?label=mp4_720p&template=1280x720.25.0&ori=0&ps=1BVp4ysnknHVZu&Expires=1761985145&ssig=Rgnwsl5mf%2B&KID=unistore,video",,,蓝V,非会员,0
5226769584230319,QbeoKhKuX,7840308043,小董内心独白,牛逼西南油气田分公司他个岗位招40个人，他的学历要求是博士研究生，然后有500个博士免笔试，而且大多数博士都是二浙江大学南京大学有一些都没听说过外国大学东京大学吉林大学中山大学石油北大然后有一个是计算机长的，我觉得还可以，因为就算金毛我觉得应该还不错，然后我看了一下他一共是招录36个人，他是硕博都可以，然后免笔试的人有500余人五百多，其中包括了电子科技大学，西安电子科技大学中国科学技术大学哈尔滨工业大学武汉大学香港大学上海交通大学清华武汉北京航天航空大学墨尔本大学四川大学，他们的专业都挺好的，都是电子信息工程软件工程人工智能网络安全浙江大学清华大学有571个人报然后现在是市场营销，他也是他只招三个人，并且他的学历要求是硕士和博士，里面有清华大学的新区，中国人民大学的国际商务学，武汉大学的新闻学，国外的都没听说过什么香港中文大学伦敦大学墨尔本大学利物浦大学南洋理工大学北京大学新闻传播这些都是免笔试的三个人，他现在都有104个人报有一个岗位，他招10个人面笔试的有272个人，然后需要笔试的有202个人，并且大家都是至少是二的硕士有一个计算机的岗位，一共招36个人免笔试的博硕有570一个需要笔试的有3000个人报L小董内心独白的微博视频,,,,,0,0,0,2025-10-28 17:07,iPhone客户端,,"http://f.video.weibocdn.com/o0/uBSHZREUlx08sxgYFrRC010412008cvI0E010.mp4?label=mp4_720p&template=720x1280.24.0&ori=0&ps=1BVp4ysnknHVZu&Expires=1761985160&ssig=LfVC9sqhXG&KID=unistore,video",,,普通用户,非会员,0
5226769237934577,Qbeobxi93,6020516658,育见新闻,语文教材中的古诗文，是穿越了千百年的时间长廊，抵达我们眼前的文字瑰宝。它们最初被书写时，就是今日的模样吗？为何课本中的某些篇章，会与我们记忆中的其他版本，存在微妙的差异？面对这些承载着文明基因的文字，我们今日又该如何解读、如何传承？今天，我们共同“育见”南京大学教授柳士镇，义务教育语文教材编委会主任、北京师范大学教授王立军，一同探寻古诗文背后的生命轨迹。L育见新闻的微博视频,,,,,0,0,0,2025-10-28 17:05,微博视频号,,"http://f.video.weibocdn.com/o0/pAy3vHXwlx08sxgUGsA801041202T8F70E020.mp4?label=mp4_720p&template=720x1280.24.0&ori=0&ps=1BVp4ysnknHVZu&Expires=1761985160&ssig=wFQuoPT6ga&KID=unistore,video",,,普通用户,会员,8
5226764546606352,QbegCrIC4,2543818542,活力西岗,【西岗街道听竹社区青少年国学启蒙班开班：节气为媒传文脉国学启蒙润童心】近日，摄山星城小学国学教室内暖意融融，2025-2026第十二期秋季学期青少年国学启蒙班正式开班。本次课程以“时光的韵律——二十四节气探索之旅”为主题，南京大学哲学学院国学启蒙班讲师邵一凡带领30余名社区青少年，沉浸式感受中华优秀传统文化的魅力。“我们希望让国学启蒙融入青少年生活，让他们从小感受传统文化魅力，增强文化认同感”听竹社区负责人孙超群表示。未来听竹社区将继续以国学启蒙为抓手，推出更多贴近青少年需求的文化课程，推动中华优秀传统文化在社区落地生根、焕发生机。来源：西岗街道听竹社区拟稿：罗笃雯审核：李青发布：陈卫华,,,,,0,0,0,2025-10-28 16:47,微博网页版,"https://wx2.sinaimg.cn/large/979f972egy1i6s6pm4k5vj20u00mi7ic.jpg,https://wx4.sinaimg.cn/large/979f972egy1i6s6pp4i5cj20u00midu1.jpg,https://wx3.sinaimg.cn/large/979f972egy1i6s6psjuxfj20u00mi7ix.jpg,https://wx1.sinaimg.cn/large/979f972egy1i6s6pw9bc5j20nk0hngvc.jpg",,,,蓝V,非会员,0
5226758079254513,Qbe6bCPwl,6535812105,深睿医疗,近日，深睿医疗联合中国人民解放军东部战区总医院（南京大学医学院附属金陵医院）放射科张龙江教授团队提出并验证了一项创新性“Sham-AI”的安慰剂对照策略，相关成果发表于《Radiology:ArtificialIntelligence》（IF13.2/中科院1区）。这一突破性成果，为医疗AI领域长期面临的“临床价值验证”难题提供了全新解决方案，推动医疗AI研究从“技术性能比拼”转向“真实临床价值验证”的新领域。,,,,,0,0,0,2025-10-28 16:21,微博网页版,https://wx1.sinaimg.cn/large/0078jBihly1i6s5zhsmm1j30u00h2jz7.jpg,,,,蓝V,非会员,0
5226757101979235,Qbe4C8iT9,5410718337,CEO来信君,【化学老师登顶中国女首富！】2025年的胡润富豪榜上，翰森制药的CEO钟慧娟以1410亿元取代娃哈哈875亿元的宗馥莉，成为中国女首富。简单了解一下翰森制药和钟慧娟这个人吧！翰森制药是中国领先的创新驱动型制药企业，1996年起步，2019年在香港联交所上市，下属豪森药业等核心子公司￼￼￼。翰森公司聚焦抗肿瘤、中枢神经系统、抗感染等重大疾病领域，截至2024上半年已上市7款创新药，创新产品营收占比达77.4%，连续多年位居全球制药企业百强、中国医药研发产品线最佳工业企业前3强，还连续两年获MSCIESG评级AA级，跻身全球行业领导者行列￼￼￼。钟慧娟是翰森制药创始人、主席兼首席执行官，她1961年生于江苏连云港，毕业于江苏师范大学化学专业，获南京大学EMBA学位￼￼￼。1996年钟慧娟辞去中学化学教师工作投身医药行业，带领团队推出首款国家级新产品“美丰”，2003年推动公司通过美国FDA认证进入欧美市场￼￼￼。她主导公司从仿制药向创新药转型，2019年带领翰森制药上市，多次登顶全球白手起家女富豪榜，提出过多项医药产业发展建议，荣获国家科技进步奖二等奖等荣誉￼￼￼。#中国女首富#,,,,中国女首富,0,0,0,2025-10-28 16:17,iPhone客户端,"https://wx1.sinaimg.cn/large/005UaP0Bgy1i6s5vfh8g6j31g22u67bl.jpg,https://wx1.sinaimg.cn/large/005UaP0Bgy1i6s5vgobqbj32qc3n47pj.jpg",,,,普通用户,非会员,0
5226754082079951,QbdZK8J5B,7466572062,玉佩恩戴,#梓渝粉丝说蒲熠星没文化#现在南京大学的人都要被说没文化了吗,,,,梓渝粉丝说蒲熠星没文化,0,1,0,2025-10-28 16:05,iPhone客户端,,,,,普通用户,非会员,0
5226750699375187,QbdUhDkUH,6046492845,当心别踩疼雪,南京大学考研超话27考研蹲一个基础医学上岸的学长学姐,,,,,0,6,5,2025-10-28 15:52,南京大学考研超话,,,,,普通用户,非会员,0
5226747333444077,QbdORerXD,2613324761,中国教育在线,【#南京大学成立香港高等研究院#】10月21日至22日，南京大学党委书记、中国科学院院士谭铁牛率团赴香港访问。@南京大学在港主办新时代南京大学-香港科教合作研讨会，并举行“南京大学香港高等研究院”揭牌成立仪式。访问期间，代表团还出席香港江苏科创中心启用仪式，到访香港赛马会、香港理工大学等机构和高校，为进一步推进南京大学“奋进行动”的实施拓展重要资源，取得一系列实质性成果。#高校动态#谭铁牛、香港数码港管理有限公司行政总裁郑松岩、香港大学校长张翔、香港理工大学校长滕锦光共同为“南京大学香港高等研究院”揭牌。,,,南京大学,"南京大学成立香港高等研究院,高校动态",1,0,6,2025-10-28 15:38,微博网页版,https://wx3.sinaimg.cn/large/9bc42bd9ly1i6s4qm9go2j24mo3344qp.jpg,,,,蓝V,非会员,0
5226745726503546,QbdMgrhRU,2208634104,gad杰地设计,gadX重庆大学，校企开放日进行时2025年10月23日下午，gad杰地设计与重庆大学建筑城规学院联合举办的“校企开放日”活动，在gad杰地设计重庆公司📍举办。近40位重大师生以一种更直观且身临其境的方式了解一个真实的gad。gad杰地设计总裁杨明，合伙人黄嘉对公司进行介绍，分享了gad诸多高品质实践作品，以及公司在行业下行期逆风而上、扬帆海外的雄心与成效，比如，2024年我们搬入了属于自己的总部，2025年4月和10月分别中标迪拜lumena双塔，高度分别是260m和380m……这些都成为gad为每个人提供学习、成长、晋升机会并给予有市场竞争力薪酬的基础。多位在gad工作的重大校友则分享了真实的工作与生活状态，以及他们眼中gad对新人多方位培养的重视与投入。而后，gad相关人员与重大师生进行了轻松的面对面交流，并邀师生参观了重庆公司，让他们得以更真切地感受公司环境与氛围。最后，活动在gad重庆公司“小食堂”的聚餐中结束。gad重庆办公室成立于2014年，深入、深度而持久地参与西南地区建设，先后落地重庆南开两江中学、抚仙湖汐岸会所、黄龙溪谷塔希提、东莞万科棠樾、明月湖景观塔等大量高品质作品。随着成都西岭雪山安纳塔拉度假酒店、仁和春天29号院、国宾7号院、锦宸府、锦宸院、华宸府、招商玺等大量成都项目推进，也为了更好地服务、辐射西南片区，2025年，gad成都办公室成立。我们希望对建筑依然热爱的同频的小伙伴儿加入gad，与我们一起开拓、共同创造。🧐继南京大学、重庆大学，gad2025校园招聘将在东南大学、哈尔滨工业大学、浙江大学等继续开展，“职”等你来！更多校招信息请关注gz号！#gad##gad作品##建筑设计##校招##重庆大学##校企开放日#,,,,"gad,gad作品,建筑设计,校招,重庆大学,校企开放日",0,0,3,2025-10-28 15:32,微博网页版,"https://wx3.sinaimg.cn/large/83a514f8ly1i6s4girokdj21d81tmnpd.jpg,https://wx3.sinaimg.cn/large/83a514f8ly1i6s4giix6rj21d81tmkjl.jpg,https://wx2.sinaimg.cn/large/83a514f8ly1i6s4gitxxnj21d81tmnpd.jpg,https://wx1.sinaimg.cn/large/83a514f8ly1i6s4giae32j21d81tme81.jpg,https://wx3.sinaimg.cn/large/83a514f8ly1i6s4gj55kij21d80wtqv5.jpg,https://wx3.sinaimg.cn/large/83a514f8ly1i6s4gip4xkj21d81tmnpd.jpg,https://wx4.sinaimg.cn/large/83a514f8ly1i6s4ghvmpnj21d81tmb29.jpg,https://wx1.sinaimg.cn/large/83a514f8ly1i6s4ghdfshj21d81tm1kx.jpg,https://wx2.sinaimg.cn/large/83a514f8ly1i6s4gi6vmcj21d81tme81.jpg",,,,蓝V,非会员,0
5226744174084287,QbdJLh8vB,3209718350,评城风雨,太卷了，26年南京大学电子信息人工智能学院研究生就招一个人，已有近百人报名，神仙打架。校园风雨超话#校园v计划##带你涨知识#L评城风雨的微博视频,,,,"校园v计划,带你涨知识",0,0,0,2025-10-28 15:26,校园风雨超话,,"http://f.video.weibocdn.com/o0/5AaDS2pHlx08sxa1nccw01041200eXVW0E010.mp4?label=mp4_720p&template=720x1280.24.0&ori=0&ps=1BVp4ysnknHVZu&Expires=1761985160&ssig=Sgv7ipcMaG&KID=unistore,video",,,红V,超级会员,2
5226742499249025,QbdH3CO5P,1726418205,华禹高考快讯,【南京大学香港高等研究院揭牌】10月21日下午，由南京大学主办的“新时代南京大学——香港科教合作研讨会”在香港数码港举行，并举行“南京大学香港高等研究院”揭牌成立仪式。,,,,,0,0,0,2025-10-28 15:19,微博网页版,https://wx2.sinaimg.cn/large/66e70d1dly1i6s4737nm7j21kw11xagp.jpg,,,,蓝V,非会员,0
5226739074601015,QbdBxjiVV,6892536398,元宝投研,我国下一代光伏技术取得新进展。南京大学谭海仁团队和国防科技创新研究院常超团队联合运用太赫兹技术，对全钙钛矿叠层光伏电池内部载流子输运行为实现精准、无损探测。改进后的电池光电转化效率突破30%，国际权威学术期刊《自然》10月28日在线发表相关研究论文。,,,,,0,0,1,2025-10-28 15:06,iPhone客户端,,,,,普通用户,超级会员,1
5226737539222852,Qbdz3CHhG,1768409523,南京大学,#南大生活#2025年10月27日，南京大学第二十届读书节开幕式在仙林校区图书馆隆重举行！“廿载致远书韵流金”，四校区联动玩转阅读，先秦诸子解读、《朱子读书法》精讲，学术干货听不停！致敬程开甲、吴有训“大先生”，敦煌艺术文献展带你穿越千年！赤壁之战实景互动、植物拓染书衣DIY，手脑并用玩出阅读新花样！AI漫画说经典、数据达人沙龙，传统与现代碰撞超惊喜！读书节持续到11月底，超多活动等你打卡～在南大，让读书成为浪漫的事吧！（来源：南京大学图书馆编辑：邓若曦）,,,,南大生活,1,0,3,2025-10-28 15:00,微博网页版,"https://wx3.sinaimg.cn/large/6967c9b3gy1i6r9mgs0ybj20xc1kywqw.jpg,https://wx1.sinaimg.cn/large/6967c9b3gy1i6r9mgf6pxj20xc11ik1j.jpg,https://wx4.sinaimg.cn/large/6967c9b3gy1i6r9mgfcgxj20xc1kc7j1.jpg,https://wx1.sinaimg.cn/large/6967c9b3gy1i6r9mghkrdj20xc1lmwq7.jpg,https://wx2.sinaimg.cn/large/6967c9b3gy1i6r9mhsfybj20xc1owwrf.jpg,https://wx3.sinaimg.cn/large/6967c9b3gy1i6r9mgf5daj20ph19cthy.jpg,https://wx3.sinaimg.cn/large/6967c9b3gy1i6r9mgbr4aj20xc1nfqb0.jpg,https://wx1.sinaimg.cn/large/6967c9b3gy1i6r9mg7sv4j20xb1kadmy.jpg,https://wx1.sinaimg.cn/large/6967c9b3gy1i6r9mgbyoej20xc1dz7at.jpg",,,,蓝V,超级会员,1
5226728797768032,QbdkXwAOQ,7460933104,ais会议论文,11.07终轮截稿！📢第三届数学与机器学习国际学术会议（ICMML2025)⏲会议时间：2025.11.14-16⛳️会议地点：江苏南京（线上同步）📮投稿链接：O网页链接👏出版单位：ACM（ISBN：979-8-4007-2093-2）👏收录检索：EICompendex|Scopus⛳️组织单位：南京大学主办/南京理工大学、南京审计大学等学会协办👉联系人:王老师:17398998540(微信同号)创作者中心,,,,,0,0,0,2025-10-28 14:25,Redmi Note 13 5G,"https://wx3.sinaimg.cn/large/0088VjwIly1i6s2mdb8jtj30zk19uajm.jpg,https://wx4.sinaimg.cn/large/0088VjwIly1i6s2mdo3b5j30o10gcdm6.jpg",,,,普通用户,非会员,0
5226724998516003,QbdePzJoT,2803085915,依米的茶,今天在百年名校南京大学打工,,,,,0,1,1,2025-10-28 14:10,iPhone客户端,https://wx4.sinaimg.cn/large/a713b25bly1i6s26iv08qj22c0340x6r.jpg,,,,普通用户,非会员,0
5226724565975761,Qbde8p4zf,2848661792,九妹儿夏里里,看看育儿路上妈妈们的心态变化我有一个妈妈群群里的妈妈们认识有十几年了大家当年是通过一个育儿博客认识后来建了qq群再后来微信群刚认识时娃娃们都是1-6的宝宝现在最大的孩子今年上了南京大学妈妈们也是头一次当妈妈那时家家还基本上都是一个娃妈妈们育儿热情很高每天交流育儿经验学习如何做好父母分享宝宝们的可爱时刻记录孩子幼儿园的学习生活后来娃娃们到了小学妈妈们一天到晚想着如何辅导娃的学习给孩子读什么课外书有哪些学习方法大家学的热火朝天娃娃们的学习成绩都很不错微信群的名字是“鸡血一生群”后来上了初中这两年相继有娃上了高中群里的氛围逐渐转变孩子们的学习逐渐分化娃们先后进入青春期都有自主意识了妈妈们在鸡娃的路上走不动了逐渐躺平微信群的名字也改成了“躺平快乐群”哈哈哈管不了了不管了随娃们去学啥样是啥样也不鸡血也不在意成绩高中的妈妈直接放弃挣扎孩子能安心按时上学时是最低要求这么多年大家一起走过完整的见证了大家育儿心态变化曾经我的孩子的目标是清华北大现在能上大专也接受或者以后不啃老有个班上就行现在就是接受现实吧这种心态#微博兴趣创作计划##育儿聊一聊##一起家庭教育#,,,,"微博兴趣创作计划,育儿聊一聊,一起家庭教育",0,37,10,2025-10-28 14:08,iPhone 12,"https://wx1.sinaimg.cn/large/a9cb2120ly1i6s22fcrnrj20qu1a10wd.jpg,https://wx3.sinaimg.cn/large/a9cb2120ly1i6s22fjfgfj20p51i4tcv.jpg,https://wx3.sinaimg.cn/large/a9cb2120ly1i6s22frn82j20nz1auaef.jpg,https://wx3.sinaimg.cn/large/a9cb2120ly1i6s22fzgf8j20te1mlq8w.jpg",,,,红V,超级会员,1
5226721487095657,Qbd9atLU5,1700560243,南京大学本科招生,#小南分享##欢迎报考南京大学#“盐”途有你，梦起南雍：南京大学2025级江苏盐城籍新生见面会顺利召开10月19日下午，“盐”途有你，梦起南雍——南京大学2025级江苏盐城籍新生见面会在医学院东南楼举行。医学院党委书记、招生工作组长沈苏南老师，盐城招生组部分老师以及往届学长学姐参加见面会并欢迎2025级盐城籍本科新生。见面会由陈恒静老师主持。O网页链接,,,,"小南分享,欢迎报考南京大学",0,0,0,2025-10-28 13:56,微博网页版,"https://wx4.sinaimg.cn/large/655c7d73gy1i6s1ru7emrj20zk0jzt9e.jpg,https://wx1.sinaimg.cn/large/655c7d73gy1i6s1ru8rahj20zk0jzjto.jpg,https://wx1.sinaimg.cn/large/655c7d73gy1i6s1rue5evj21be0zjn41.jpg,https://wx1.sinaimg.cn/large/655c7d73gy1i6s1ru8i1sj20u00crq54.jpg,https://wx4.sinaimg.cn/large/655c7d73gy1i6s1ru8lvtj20zk0f4q5l.jpg,https://wx4.sinaimg.cn/large/655c7d73gy1i6s1ruais1j20z90ez0vv.jpg",,,,蓝V,会员,6
5226720420693021,Qbd7s2UhL,2356298087,河北经视,#抬杆神器热销藏多重隐患#【抬杆神器随便进小区？电商热销藏隐患，专家：不当使用涉嫌违法】近日，“抬杆神器”在电商平台热销，其不当使用所带来的安全隐患及法律问题引发关注。“抬杆神器”也被称作“道闸神器”“万能遥控器”，在特定条件下能复制信号、配对解码，控制小区道闸、停车场栏杆、商铺卷帘门等，帮助使用者实现“开关自由”。记者在多家电商平台检索发现，不少店铺公开售卖此类遥控器，售价几元到上百元，部分商品标注“道闸通用”“卷帘门专用”，以“抬杆神器”为关键词检索，综合排名第一的店铺销量破万。不过，实测发现这类遥控器并非“一键通开”，需要在现场复制信号、激活设备才能使用，且只能针对部分固定频段的简易系统，对无人值守、依赖车牌识别或有线控制的道闸不起作用。南京大学法学院教授宋亚辉表示，若“万能遥控器”的设计意图是绕过门禁系统、帮助使用者规避正常管理措施，就可能违法。生产者可能面临知识产权侵权及与直接侵权人共同承担责任的风险。在销售环节，电商平台和卖家也不能置身事外，根据电子商务法第三十八条规定，若平台“明知或应知”商家销售违法产品，却未采取必要措施，需依法与商家承担连带责任。此外，商家的“免责声明”若在商品本身有违法属性或未对消费者明确提示的情况下，不具备效力。专家提醒，消费者即便“只是为了自己方便”，不当使用“万能遥控器”也可能构成侵权甚至违法，不宜心存侥幸。同时，相关厂商应加强门禁系统的动态加密和升级迭代，从源头杜绝信号被复制的可能L河北经视的微博视频,,,,抬杆神器热销藏多重隐患,1,0,27,2025-10-28 13:51,微博视频号,,"http://f.video.weibocdn.com/o0/vj9mD376lx08sx3xRGHe01041200dxGE0E010.mp4?label=mp4_720p&template=720x1280.24.0&ori=0&ps=1BVp4ysnknHVZu&Expires=1761985172&ssig=3ZCgCZCjNx&KID=unistore,video",,,普通用户,非会员,0
5226717766488523,Qbd3ardXB,3306211335,亲爱的小小专一,一一日记2023年6月20日标题：《萌娃放学大揭秘：从七色光儿歌到猫咪趣事，你家娃也这样吗？》亲子育儿超话亲子共读超话超级爱你超话英语学习超话亲爱的热爱的超话清华大学超话#亲爱的小小专一#亲情超话#感恩有我悦享亲情#那一天你走进了我的生命超话相逢已是上上签超话良人扶我青云志相逢已是上上签超话每日推文超话纯爱推文超话po推文找文超话是属于我们的夏天啊超话北京大学超话天津大学超话上海交通大学超话北京理工大学超话北京师范大学超话华东政法大学考研超话哈尔滨工业大学超话西北工业大学超话北京科技大学超话山东师范大学超话吉林大学考研超话北京工业大学超话首都师范大学超话中国人民大学超话武汉大学超话浙江大学超话2天津·南开大学南京大学超话华中师范大学超话复旦大学超话厦门大学超话上海交通大学超话湖南大学超话中央民族大学超话苏州大学超话南方科技大学超话太原科技大学超话太原理工大学超话山西农业大学超话山西医科大学超话延边大学考研超话@亲爱的小小专一在接一一放学回家的路上，她那像小麻雀般叽叽喳喳的分享，总能为平淡的路程增添许多欢乐。昨天的一番讲述，更是让我忍俊不禁。一一特别喜欢她的小猫咪，就是喜欢的方式不太对，总想抱着它，把小乔抱得不舒服，小乔就会挠她。她被挠了我们又担心，说她她还不听，真让人又气又爱。孩子就像一个宝藏，总能在不经意间用他们独特的视角和天真的话语，为我们带来无尽的欢乐和惊喜。2北京·清华大学L亲爱的小小专一的微博视频,,天津·天津科技大学,亲爱的小小专一,"亲爱的小小专一,感恩有我 悦享亲情",0,0,1,2025-10-28 13:41,微博视频号,,"http://f.video.weibocdn.com/o0/hUwwgUzRlx08sx2OlISI01041200zOyT0E010.mp4?label=mp4_720p&template=1280x720.25.0&ori=0&ps=1BVp4ysnknHVZu&Expires=1761985172&ssig=UT%2FyFyQR%2BD&KID=unistore,video",,,普通用户,非会员,0
5226712205625067,QbcUcnBkT,7348918904,峰研·研路相伴,考研重灾区，万人扎堆报考的学校！……近几年考研越来越卷，热门院校报考人数居高不下，今天整理了25考研报考的“重灾区”院校，个个人数破万，大家可以参考一下！【985院校】1.清华大学清华大学共有近2万余名考生，与去年持平。2.北京大学北京大学通知，共有近2.7万名考生。3.天津大学天津大学有近1.4万名考生报考。4.上海交通大学上海交通大学共有近1.8万余名考生。5.南京大学南京大学有近2.7万名考生报考。6.中国人民大学中国人民大学有近2万余名考生报考。7.哈尔滨工业大学近2万名考生报考哈工大硕士研究生。8.华东师范大学共有近2万名考生报考华东师范大学硕士研究生。9.同济大学近1.7万名考生报考同济大学。8.西北工业大学2025年西北工业大学研究生报名人数为‌15000余人。【211院校】1.暨南大学暨南大学官方消息，25考研共计22171名考生选择报考暨南大学硕士研究生。2.西南财经大学近15000名考生报考。3.北京工业大学共有1.3万余名考生。4.华北电力大学（北京）全国共有1万余名考生报考。5.石河子大学2025年石河子大学硕士研究生报考人数为‌10407人【非985、211院校】1.河南大学河南大学2025年研究生报考人数近2.8万人2.深圳大学深圳大学2025年硕士研究生报考人数为21864人。3.山西大学共有1.6万余名考生报考山西大学。4.天津师范大学2025年天津师范大学统考报名人数为11064人。5.江西师范大学2025考研共有12806人报考。6.广东外语外贸大学报考广外考生为10819人。7.福建师范大学一共有1.5万名考生报考福建师范大学的硕士研究生。根据去年数据，大家预估自己竞争对手的人数，从而激励自己更努力备考！#考研##2026考研#考研超话,,,,"考研,2026考研",0,0,0,2025-10-28 13:19,微博网页版,https://wx1.sinaimg.cn/large/0081ljw4ly1i6s0pu3lh8j308c08cq35.jpg,,,,蓝V,非会员,0
5226703129151550,QbcFyCoJE,1700560243,南京大学本科招生,#小南分享##欢迎报考南京大学#冀往南雍，鲸彩纷呈：南京大学2025级河北籍新生见面会顺利举行2025年9月20日，南京大学2025级河北籍新生见面会在仙林校区化学楼顺利举行。河北省招生组组长、化学化工学院副院长俞寿云教授出席会议，河北籍本科新生、往届优秀学生以及招生志愿者齐聚一堂，共赴这场专属的“家乡之约”。见面会由河北省招生宣传理事长、历史学院2024级本科生韩雨彤同学主持，为新生们搭建起了解南大、联结同乡的温暖桥梁。O网页链接,,,,"小南分享,欢迎报考南京大学",0,0,1,2025-10-28 12:43,微博网页版,"https://wx2.sinaimg.cn/large/655c7d73ly1i6rznp46v5j20u00irjtc.jpg,https://wx3.sinaimg.cn/large/655c7d73ly1i6rznp46rij20u00jl40m.jpg,https://wx3.sinaimg.cn/large/655c7d73ly1i6rznp9xu3j20sg0iz7lm.jpg,https://wx4.sinaimg.cn/large/655c7d73ly1i6rznp3jl3j20sg0j0t9p.jpg,https://wx1.sinaimg.cn/large/655c7d73ly1i6rznp9dbij20sg0e0000.jpg,https://wx3.sinaimg.cn/large/655c7d73ly1i6rznp41k4j20sg0j0mya.jpg,https://wx4.sinaimg.cn/large/655c7d73ly1i6rznp3f2hj20sg0j0jse.jpg,https://wx2.sinaimg.cn/large/655c7d73ly1i6rznp4yrmj20u00mi77j.jpg,https://wx2.sinaimg.cn/large/655c7d73ly1i6rznpa1x3j20sg0iz7nc.jpg",,,,蓝V,会员,6
5226701157303628,QbcCnuE0s,1996861163,水袖微凉,我是个内向的人，不擅长社交，能保持联系的朋友，都是常见面的，或者对方主动的。早年被拉进上海老乡群，也是一直潜水。猛然发现有个初中同学在群里说话，再看title，中科院博士、研究员，xx生物联合创始人，这么多高端头衔，不明觉厉。想上前打招呼叙叙旧，又感觉多年没联络很冒昧。中科院，到现在都是遥不可及的顶尖存在，那些能参与的，都是学霸级人物，在某些项目有重大发现突破。当然，大家都要回归到现实生活中。有次和朋友吃饭，一起的还有位南京大学博导，席间聊起的，也是社会经济现状，各个学科就业情况，小孩读书培养等，非常平易近人。,,,,,0,0,0,2025-10-28 12:35,nova 10 主角影像,https://wx2.sinaimg.cn/large/7705aeebgy1i6rsradfi9j20u0140tdk.jpg,,,,普通用户,非会员,0
5226698427074428,QbcxYtGnG,7367833559,书肆巡阅使,"#新书推送#《四海资身笔一枝：唐寅的书画人生》作者:车旭东出版社:凤凰出版社出版年:2025-9页数:298定价:168ISBN:9787550645950内容简介······“江南第一风流才子”唐寅虽名满天下，但其真实艺术面貌却因大量赝品存在而难以辨识。本书以扎实学术研究为基础，首次将散落全球的86件唐寅真迹完整汇集，为读者提供了一把打开唐寅艺术世界的金钥匙。86件真迹：一场视觉与知识的盛宴故宫博物院、上海博物馆、南京博物院、辽宁省博物馆、天津博物馆、中国美术馆、苏州博物馆、广东省博物馆、四川博物院、贵州省博物馆、无锡博物院、青岛市博物馆、苏州湾博物馆、南京大学博物馆、苏州灵岩山寺台北故宫博物院、香港艺术馆、香港中文大学文物馆美国大都会艺术博物馆、美国波士顿艺术博物馆、美国佛利尔·赛克勒美术馆、大英博物馆、日本京都国立博物馆、日本大阪市立美术馆本书收录的86件真迹来自全球多家**文博机构，涵盖山水、人物、花鸟等各类绘画题材，并包含其重要书法作品与珍贵题跋，完整串联起唐寅的艺术人生。作者简介······车旭东，1990年生,云南澄江人。本、硕、博均毕业于南京大学考古文物系,考古学博士。毕业后任南京大学考古文物系助理研究员,现为南京大学考古文博与中华文明研究院助理教授,主要从事中国美术史、书画鉴定方向的教学与研究。博士论文《唐寅书画鉴定研究》,曾在相关学术刊物上发表论文三十余篇,参与编写《中国书画鉴定纲要》。",,,,新书推送,0,0,3,2025-10-28 12:24,微博网页版,https://wx1.sinaimg.cn/large/0082CG59ly1i6rz46771kj307i07i3yh.jpg,,,,红V,超级会员,2
5226695000326177,Qbcss1mQV,1768409523,南京大学,#挑战杯南大见##小南分享##第十九届挑战杯中国移动全国大学生课外学术科技作品竞赛#终审决赛将于10月31日-11月3日在南京大学举办！南京大学欢迎您！南京地铁“挑战杯”竞赛专列已上线，让我们共同开启一场不负时代、不负青春的科创之旅！#挑战杯##南大挑战杯#摄影：丁轶彦罗湛唐诗博剪辑：丁轶彦来源：南京大学新闻中心、南大青年L南京大学的微博视频,,,,"挑战杯南大见,小南分享,第十九届挑战杯中国移动全国大学生课外学术科技作品竞赛,挑战杯,南大挑战杯",3,2,8,2025-10-28 12:10,微博视频号,,"http://f.video.weibocdn.com/o0/U4w9y2DBlx08swWj6QVq01041200tfDJ0E010.mp4?label=mp4_720p&template=1280x720.25.0&ori=0&ps=1BVp4ysnknHVZu&Expires=1761985184&ssig=QZ1pJkP7p0&KID=unistore,video",,,蓝V,超级会员,1
5226685474802530,Qbcd5k9ma,1746072563,早安江苏JSBC,【起猛了！#机器人学会跳极乐净土了#网友：舞技不在我之下！】10月25日，@南京大学CITE|3DV联合实验室在网上发布了一条机器人跳舞视频《机乐净土》。视频中，人形机器人随着动感的音乐翩翩起舞，整体动作流畅稳定。网友表示，春晚的时候还像梦游，这进化速度太快了！@江苏新闻L江苏新闻的微博视频,,,"南京大学,江苏新闻",机器人学会跳极乐净土了,0,0,0,2025-10-28 11:33,微博视频号,,"http://f.video.weibocdn.com/o0/ZB7GGncZlx08swTJZi9q01041200bquD0E010.mp4?label=mp4_720p&template=720x1280.24.0&ori=0&ps=1BVp4ysnknHVZu&Expires=1761985184&ssig=frB7pSBoYg&KID=unistore,video",,,普通用户,会员,7
5226685357365389,QbccTuU4B,3213983693,新闻空间站,【起猛了！#机器人学会跳极乐净土了#网友：舞技不在我之下！】10月25日，@南京大学CITE|3DV联合实验室在网上发布了一条机器人跳舞视频《机乐净土》。视频中，人形机器人随着动感的音乐翩翩起舞，整体动作流畅稳定。网友表示，春晚的时候还像梦游，这进化速度太快了！@江苏新闻L江苏新闻的微博视频,,,"南京大学,江苏新闻",机器人学会跳极乐净土了,0,0,0,2025-10-28 11:32,微博视频号,,"http://f.video.weibocdn.com/o0/ZB7GGncZlx08swTJZi9q01041200bquD0E010.mp4?label=mp4_720p&template=720x1280.24.0&ori=0&ps=1BVp4ysnknHVZu&Expires=1761985184&ssig=frB7pSBoYg&KID=unistore,video",,,普通用户,会员,7
5226685332456723,QbccRaj6z,1842312240,荔直播,【起猛了！#机器人学会跳极乐净土了#网友：舞技不在我之下！】10月25日，@南京大学CITE|3DV联合实验室在网上发布了一条机器人跳舞视频《机乐净土》。视频中，人形机器人随着动感的音乐翩翩起舞，整体动作流畅稳定。网友表示，春晚的时候还像梦游，这进化速度太快了！@江苏新闻L江苏新闻的微博视频,,,"南京大学,江苏新闻",机器人学会跳极乐净土了,0,0,0,2025-10-28 11:32,微博视频号,,"http://f.video.weibocdn.com/o0/ZB7GGncZlx08swTJZi9q01041200bquD0E010.mp4?label=mp4_720p&template=720x1280.24.0&ori=0&ps=1BVp4ysnknHVZu&Expires=1761985184&ssig=frB7pSBoYg&KID=unistore,video",,,普通用户,会员,7
5226685312012105,QbccP8rrj,1764647261,新闻360,【起猛了！#机器人学会跳极乐净土了#网友：舞技不在我之下！】10月25日，@南京大学CITE|3DV联合实验室在网上发布了一条机器人跳舞视频《机乐净土》。视频中，人形机器人随着动感的音乐翩翩起舞，整体动作流畅稳定。网友表示，春晚的时候还像梦游，这进化速度太快了！@江苏新闻L江苏新闻的微博视频,,,"南京大学,江苏新闻",机器人学会跳极乐净土了,0,0,0,2025-10-28 11:32,微博视频号,,"http://f.video.weibocdn.com/o0/ZB7GGncZlx08swTJZi9q01041200bquD0E010.mp4?label=mp4_720p&template=720x1280.24.0&ori=0&ps=1BVp4ysnknHVZu&Expires=1761985184&ssig=frB7pSBoYg&KID=unistore,video",,,普通用户,会员,7
5226684452442141,Qbcbrafjn,1301904252,江苏新闻,【起猛了！#机器人学会跳极乐净土了#网友：舞技不在我之下！】10月25日，@南京大学CITE|3DV联合实验室在网上发布了一条机器人跳舞视频《机乐净土》。视频中，人形机器人随着动感的音乐翩翩起舞，整体动作流畅稳定。网友表示，春晚的时候还像梦游，这进化速度太快了！#00后用打印机造假币##义乌的伴飞小鸟玩具火了#L江苏新闻的微博视频,,,南京大学,"机器人学会跳极乐净土了,00后用打印机造假币,义乌的伴飞小鸟玩具火了",10,2,7,2025-10-28 11:29,微博视频号,,"http://f.video.weibocdn.com/o0/ZB7GGncZlx08swTJZi9q01041200bquD0E010.mp4?label=mp4_720p&template=720x1280.24.0&ori=0&ps=1BVp4ysnknHVZu&Expires=1761985184&ssig=frB7pSBoYg&KID=unistore,video",,,普通用户,超级会员,2
5226681167512210,Qbc68vwgG,2636706741,常州生态环境,【早上好！#江苏新闻AI早班车来了#】今天是10月28日星期二，农历九月初八。晨间新闻速览：①去年以来，江苏办理涉老案件近7000件；②江苏多地迎来冬候鸟“先遣部队”；③南京大学向全球公布“人工智能生物学”学科定义；④#宜兴前墅龙窑入选第七批国家工业遗产名单#……L江苏新闻的微博视频,,,,"江苏新闻AI早班车来了,宜兴前墅龙窑入选第七批国家工业遗产名单",0,0,1,2025-10-28 11:16,iPhone客户端,,"http://f.video.weibocdn.com/o0/uFDlN4qnlx08svTZFpSM01041200DHvl0E010.mp4?label=mp4_720p&template=720x1284.24.0&ori=0&ps=1BVp4ysnknHVZu&Expires=1761985184&ssig=a1NAotHi6%2F&KID=unistore,video",,,蓝V,非会员,0
5226677043986817,QbbZugJ9v,2648011655,武汉水务,【干部素质提升年|正式开班，市区青年骨干提质赋能启新程】为深入贯彻省、市“干部素质提升年”工作部署，10月26日，市水务系统干部素质提升培训班在南京大学顺利开班。来自市区两级46名青年骨干齐聚南京，开启为期9天的集中培训。本次培训聚焦高质量城市建设、低碳绿色发展、水资源转化、流域综合治理、数字智能应用及应对极端气候等，旨在提升青年干部业务素养与履职能力，为推动武汉水务事业提质增效和高质量发展注入新动能。O网页链接@武汉发布@湖北日报@长江日报@荆楚网@极目新闻@武汉广播电视台@武汉晚报@湖北经视@湖北卫视@武汉身边事@湖北之声,,,"武汉发布,湖北日报,长江日报,荆楚网,极目新闻,武汉广播电视台,武汉晚报,湖北经视,湖北卫视,武汉身边事,湖北之声",,0,0,0,2025-10-28 10:59,微博网页版,"https://wx4.sinaimg.cn/large/9dd57387gy1i6rvuft1h2j20u00fttbp.jpg,https://wx2.sinaimg.cn/large/9dd57387gy1i6rvug1hhtj20u00kx407.jpg",,,,蓝V,非会员,0
5226670186562845,QbbOqrxil,1700560243,南京大学本科招生,#小南分享##欢迎报考南京大学#近日，南京大学张冰教授团队与数学家丘成桐院士团队合作攻克多中心大数据脑影像配准难题。这一成果标志着我校神经影像学与数学交叉的脑科学研究方面跻身世界前沿。O网页链接,,,,"小南分享,欢迎报考南京大学",0,0,0,2025-10-28 10:32,微博网页版,"https://wx4.sinaimg.cn/large/655c7d73gy1i6rvvqk8ncj20r60p7wmc.jpg,https://wx3.sinaimg.cn/large/655c7d73gy1i6rvvqol7ej20uw0mm18t.jpg,https://wx3.sinaimg.cn/large/655c7d73gy1i6rvvqmu27j20sy0sr4dw.jpg,https://wx3.sinaimg.cn/large/655c7d73gy1i6rvvql1r7j218k0chtfa.jpg",,,,蓝V,会员,6
5226669478510673,QbbNhzI0V,1659643027,快科技官方,【转化效率首超30%！我国太阳能电池研究取得新突破】南京大学助理教授林仁兴与教授谭海仁团队设计出一种基于偶极钝化策略的全钙钛矿叠层太阳能电池，其光电转换效率经日本电气安全和环境技术实验室认证，高达30.1%，标志着多晶薄膜太阳能电池的光电转化效率首次突破30%大关。目前，全钙钛矿叠层电池的效率提升主要受限于开路电压和填充因子偏小。论文第一作者兼通讯作者林仁兴指出，在铅—锡混合窄带隙钙钛矿电池中，实现高短路电流密度的同时难以兼顾较高的开路电压和填充因子，是制约效率的关键瓶颈。,,,,,0,0,2,2025-10-28 10:29,微博网页版,https://wx1.sinaimg.cn/large/62ec2493gy1i6rvt5tzezj20kl0bw433.jpg,,,,蓝V,非会员,0
5226666902424038,QbbJ8aaBo,7855877176,旧巷上弦月,这里好适合度假啊，佳能EOSR6@南京大学#佳能大学生影像节#度假，RF10-20mmF4L旧巷上弦月的微博视频,,,南京大学,佳能大学生影像节,0,1,0,2025-10-28 10:19,新浪微博4G版,,"http://f.video.weibocdn.com/o0/eEyYl8R5lx08swOVng0U010412005IPK0E010.mp4?label=mp4_720p&template=1024x576.25.0&ori=0&ps=1BVp4ysnknHVZu&Expires=1761985199&ssig=ELELSoJFRF&KID=unistore,video",,,普通用户,非会员,0
5226662784405176,QbbCuitZe,5044281310,澎湃新闻,【#南京知名文保学者刘晓平逝世#，年仅48岁】#刘晓平逝世#澎湃新闻记者从相关方面获悉，南京知名文保学者刘晓平先生，因病医治无效，于2025年10月26日晚在南京逝世，年仅48岁。刘晓平，江苏镇江人，1978年生，曾就读于南京大学历史学系考古学专业。他生前曾担任南京古都学会会员、南京城墙保护志愿者协会理事、南京文物保护协会会员、南京红色文化志愿者、南京市玄武区检察院文物执法监督志愿者。刘晓平长期关注历史研究与文物保护工作，多次获得南京城墙十佳志愿者、南京城墙优秀志愿者等称号，并于2021年参与制作南京市《秦淮新河史料图片展》，参与编写《寻迹南京》《寻迹西安》等著作，著有《南京江宁石门张村疑似古城考》等论文，并曾参与南京城墙管理中心纪录片拍摄。O网页链接,,,,"南京知名文保学者刘晓平逝世,刘晓平逝世",36,109,333,2025-10-28 10:02,微博网页版,https://wx2.sinaimg.cn/large/005vnhZYgy1i6rv1aixv5j60sr0g6ag002.jpg,,,,普通用户,超级会员,3
5226662310712172,QbbBJ2ZgE,1706699904,i陆三金,buer，机乐净土？南京大学CITE|3DV联合实验室在B站上的这条视频已经破200万播放了，还得是B站。Li陆三金的微博视频,,,,,17,10,34,2025-10-28 10:01,微博视频号,,"http://f.video.weibocdn.com/o0/EdA5N0bilx08swNVpuFq010412010NmB0E010.mp4?label=mp4_720p&template=1280x720.25.0&ori=0&ps=1BVp4ysnknHVZu&Expires=1761985199&ssig=VVJgIlXd2t&KID=unistore,video",,,红V,超级会员,2
5226652506522730,QbblUrmRk,7898624265,文史令官,南京大学崔之清教授：洪秀全与曾国藩L文学书单君的微博视频,,,,,12,0,3,2025-10-28 09:22,微博视频号,,"http://f.video.weibocdn.com/o0/BNbqAdeylx08md2JdkHm0104120org4Q0E090.mp4?label=mp4_720p&template=768x576.25.0&ori=0&ps=1BVp4ysnknHVZu&Expires=1761985199&ssig=69wL00DIqe&KID=unistore,video",,,金V,超级会员,2
5226652057469140,Qbblbvl40,1745175923,蓝桥枫林-,雄浑古朴的弘一法师手抄《金刚般若波罗蜜经》李叔同(1880-1942)，又名李息霜、李岸、李良，谱名文涛，幼名成蹊，学名广侯，字息霜，别号漱筒。是著名音乐家、美术教育家、书法家、戏剧活动家，是中国话剧的开拓者之一。他从日本留学归国后，担任过教师、编辑之职，后剃度为僧，法名演音，号弘一，晚号晚晴老人，后被人尊称为弘一法师。1913年李叔同受聘为浙江两级师范学校(后改为浙江省立第一师范学校)音乐、图画教师。1915年起兼任南京高等师范学校音乐、图画教师，并谱曲南京大学历史上第一首校歌。弘一法师《金刚波若波罗蜜经》节录写本，书于1936年，全卷20米余，这个版本是弘一法师传世墨迹中的精品，手抄经书代表作。艺术‌风格‌：采用行楷书法，融合中锋圆笔技法，线条灵动优美，起笔之处又多微微出锋而含蓄，兼具行书的流畅与楷书的庄重端正。‌‌创作背景：1936年应邀为《历朝名画观音宝相》书写，是弘一法师出家后书法风格从劲健转向平淡的代表作。艺术价值：作品展现了儒释道美学融合的独特气质，既有雄浑古朴之感，又透出超凡淡远意境，体现了弘一法师晚年的艺术追求。具有很强的资料收藏价值。,,,,,0,0,1,2025-10-28 09:20,微博网页版,"https://wx2.sinaimg.cn/large/68054573gy1i6rtripum9j20ni0z8wfu.jpg,https://wx4.sinaimg.cn/large/68054573gy1i6rtrisn8xj20ph0yrq5f.jpg,https://wx3.sinaimg.cn/large/68054573gy1i6rtriu5bgj20q00zeq5k.jpg,https://wx2.sinaimg.cn/large/68054573gy1i6rtrit06ij20pr0z8goc.jpg,https://wx4.sinaimg.cn/large/68054573gy1i6rtrirrnyj20q80z2acd.jpg,https://wx2.sinaimg.cn/large/68054573gy1i6rtrit293j20r10zqgo4.jpg,https://wx2.sinaimg.cn/large/68054573gy1i6rtrkvwgyj20qm100q5q.jpg,https://wx4.sinaimg.cn/large/68054573gy1i6rtrj67tsj20qt0zyq62.jpg,https://wx2.sinaimg.cn/large/68054573gy1i6rtrix6vej20q80zjtba.jpg",,,,普通用户,非会员,0
5226642838651514,Qbb6jAiEy,5414784105,题材哥,我国下一代光伏技术取得新进展，南京大学谭海仁团队和国防科技创新研究院常超团队联合运用太赫兹技术，对全钙钛矿叠层光伏电池内部载流子输运行为实现精准、无损探测。改进后的电池光电转化效率突破30%，国际权威学术期刊《自然》28日在线发表相关研究论文。,,,,,0,0,68,2025-10-28 08:43,微博网页版,,,,,金V,超级会员,3
5226642744279453,Qbb6ahXhr,1745175923,蓝桥枫林-,雄浑古朴的弘一法师手抄《金刚般若波罗蜜经》李叔同(1880-1942)，又名李息霜、李岸、李良，谱名文涛，幼名成蹊，学名广侯，字息霜，别号漱筒。是著名音乐家、美术教育家、书法家、戏剧活动家，是中国话剧的开拓者之一。他从日本留学归国后，担任过教师、编辑之职，后剃度为僧，法名演音，号弘一，晚号晚晴老人，后被人尊称为弘一法师。1913年李叔同受聘为浙江两级师范学校(后改为浙江省立第一师范学校)音乐、图画教师。1915年起兼任南京高等师范学校音乐、图画教师，并谱曲南京大学历史上第一首校歌。弘一法师《金刚经》节录写本，书于1936年，全卷20米余，这个版本是弘一法师传世墨迹中的精品，手抄经书代表作。以行楷的风格书写此经，主要以中锋圆笔为用，线条甚有灵动之美，而起笔之处又多微微出锋而含蓄，具有很强的资料收藏价值。艺术‌风格‌：采用行楷书法，融合中锋圆笔技法，线条灵动含蓄，兼具行书的流畅与楷书的工整。‌结构‌布局‌：全卷疏阔精巧，起笔处微露出锋，整体风格庄重端楷中透出行书韵味。‌创作背景：1936年应邀为《历朝名画观音宝相》书写，是弘一法师出家后书法风格从劲健转向平淡的代表作。艺术价值：作品展现了儒释道美学融合的独特气质，既有雄浑古朴之感，又透出超凡淡远意境，体现了弘一法师晚年的艺术追求。‌,,,,,0,0,3,2025-10-28 08:43,微博网页版,"https://wx4.sinaimg.cn/large/68054573gy1i6rsqf2czlj20ni0z8wfu.jpg,https://wx2.sinaimg.cn/large/68054573gy1i6rsqf4w4xj20ph0yrq5f.jpg,https://wx2.sinaimg.cn/large/68054573gy1i6rsqf4mzwj20q00zeq5k.jpg,https://wx2.sinaimg.cn/large/68054573gy1i6rsqf4gmij20pr0z8goc.jpg,https://wx2.sinaimg.cn/large/68054573gy1i6rsqf3u8ej20q80z2acd.jpg,https://wx4.sinaimg.cn/large/68054573gy1i6rsqf4yhzj20r10zqgo4.jpg,https://wx1.sinaimg.cn/large/68054573gy1i6rsqf4tnmj20qm100q5q.jpg,https://wx3.sinaimg.cn/large/68054573gy1i6rsqf515sj20qt0zyq62.jpg,https://wx4.sinaimg.cn/large/68054573gy1i6rsqf51qij20q80zjtba.jpg",,,,普通用户,非会员,0
5226642239916353,Qbb5lFBHb,2969081943,fanyongfu804975,【我国太赫兹探测钙钛矿光伏技术登上权威期刊《自然》】财联社10月28日电，我国下一代光伏技术取得新进展，南京大学谭海仁团队和国防科技创新研究院常超团队联合运用太赫兹技术，对全钙钛矿叠层光伏电池内部载流子输运行为实现精准、无损探测。改进后的电池光电转化效率突破30%，国际权威学术期刊《自然》28日在线发表相关研究论文。,,,,,0,0,0,2025-10-28 08:41,iPhone客户端,https://wx4.sinaimg.cn/large/b0f89857gy1i6rsokeatvj20u01b0dla.jpg,,,,普通用户,非会员,0
5226639392246696,Qbb0L9qt2,1768409523,南京大学,#早安南大#好的运气从清晨开始，愿你晨起有微笑，笑里有幸福。早安，南京大学。,,,,早安南大,1,7,25,2025-10-28 08:30,微博网页版,https://wx3.sinaimg.cn/large/6967c9b3ly1i6r5pe0ectj237k4tcx6p.jpg,,,,蓝V,超级会员,1
5226632610843390,QbaPP3xp4,5884007327,烈焰的小狮王,#南京大学#2025年2月11日贵州大学工作人员电话告知举报人校方已对贵州大学法学院教师王春丽被实名举报硕士论文涉嫌抄袭造假一事按照相关规定，进行了严肃处理具体内容静待正式书面答复2024年5月28日贵州大学法学院教师、“刨坟帮律师”骨干王春丽被实名举报硕士论文涉嫌抄袭造假正是这个所谓“刨坟帮”为强夺某地被查贪官的辩护资格先是豪掷百万“征集按规定指派的援助律师的犯醉证据”之后变本加厉，开价三百万妄图策反其中一位年轻律师正是“刨坟帮”此番令人震惊之豪举让普通百姓见识到原来替贪官辩护居然如此赚钱！！！反腐力度加大本意增进百姓福祉不想却被无良讼棍视作赚大钱、发大财一飞冲天的风口！！！,,,,南京大学,0,0,0,2025-10-28 08:03,iPhone客户端,https://wx3.sinaimg.cn/large/006qcH5Zgy1i6rrkr96k4j30u00hn42a.jpg,,,,普通用户,非会员,0
5226631842237506,QbaOA9o4O,3374073272,服贸会,#2025服贸会##全球话服贸#【#服贸会嘉宾说|数智技术为产业绿色变革注入新动能#】“十五五”时期将是我国加快新质生产力建设、推动绿色低碳转型的关键阶段。2025年服贸会期间举办了以“科技领航启新程，智绿融合创未来”为年度主题的第四届生态环保产业服务“双碳”战略院士论坛，探讨行业全面绿色转型路径，共商绿色未来系统性解决方案。在主旨报告环节，与会专家围绕石油石化绿色低碳发展、AI赋能大气成分遥感技术进展、数智赋能水处理装备制造业壮产升级等主题进行了科技交流和分享，结合研究领域、研究成果、实践案例，深刻阐述生态环保产业服务“双碳”战略的最新科技进展以及推动生态产业化、产业生态化等方面的经验。中国石油化工集团有限公司原董事长、党组书记，第十四届全国政协委员马永生在题为《石油石化产业绿色低碳发展实践与思考》的报告中，总结了当前能源化工绿色低碳发展形势，并介绍了石油石化绿色低碳发展实践的具体案例，对于石油石化行业绿色低碳发展转型提出优化政策设计，系统建立绿色低碳发展的基础能力，加快绿色低碳发展关键核心技术突破和迭代升级等建议。南京大学环境学院教授任洪强在题为《数智赋能水处理装备制造业壮产升级》的报告中总结了水处理产业发展历程及发展趋势。他认为，水处理装备的发展轨迹已从早期纯进口，到中低端国产化，再走向未来智能化与集成化并行，产业面临的效率、清洁性、适应性、智能化和标准缺失等短板，都将在数字化浪潮中获得新的解决方法。对于水处理装备创新，任洪强提出“五化”赋能，即设备研制的模型化、设计过程的模块化、制造过程数字化、运维智慧化、装备自身的功能自进化。中国科学院安徽光学精密机械研究所学术所长、中国科学技术大学环境科学与光电技术学院院长刘文清在题为《AI赋能大气成分遥感技术进展》的报告中，总结了大气环境监测需求变化，介绍了光谱学技术、卫星技术等在大气环境监测中的应用及案例，并表示，未来需构建多维度大气环境综合研究系统，提升大气成分立体监测能力，发展AI数据融合技术，为生态文明建设提供支撑。浙江工业大学校长高翔在题为《数智赋能绿色低碳科技创新与人才培养》的报告中，深入阐述了人工智能（AI）等数智技术在绿色低碳领域的创新应用和人才培养路径。他指出，人才培养方面，AI技术正重塑教育生态，推动教学模式和培养体系变革。科技创新方面，AI等数智技术为绿色转型发展带来了新机遇，通过与能源、交通、工业等行业的融合发展，在多个应用场景中取得了显著成效。未来实现全面绿色转型目标需要科技创新与人才培养双轮驱动，培养懂专业、懂AI的复合型人才，为推进绿色低碳发展提供人才支撑和智力支持。,,,,"2025服贸会,全球话服贸,服贸会嘉宾说 | 数智技术为产业绿色变革注入新动能",0,0,0,2025-10-28 08:00,微博网页版,"https://wx4.sinaimg.cn/large/c91c45b8ly1i6qypuj19cj20zk0nptcy.jpg,https://wx1.sinaimg.cn/large/c91c45b8ly1i6qypibbxgj218g0tmwkx.jpg",,,,蓝V,非会员,0
5226626557675897,QbaG3wcQN,1901641322,鲈鱼的生活痕迹,好的圈子，不是人人都有钱而是人人都上进保持热爱，努力向前，更高处见时代不会因为你过去的成功奖励你除非你能在新的时代证明自己今天早餐多吃一点，保持好状态，开启🔛南京大学的学习。,,南京·中心大酒店,,,0,2,0,2025-10-28 07:39,OPPO Reno7 Pro 5G,"https://wx3.sinaimg.cn/large/7158be6agy1i6rqsvztaqj21s035snpf.jpg,https://wx1.sinaimg.cn/large/7158be6agy1i6rqsxr1uyj21s035skjm.jpg,https://wx2.sinaimg.cn/large/7158be6agy1i6rqsy4cvrj21s035s7wj.jpg,https://wx3.sinaimg.cn/large/7158be6agy1i6rqsvabuzj21s035shdu.jpg,https://wx1.sinaimg.cn/large/7158be6agy1i6rqst7xnkj22o03k0u0y.jpg,https://wx1.sinaimg.cn/large/7158be6agy1i6rqsvy6u4j21s035s7wj.jpg,https://wx3.sinaimg.cn/large/7158be6agy1i6rqst8yzzj235s2dc4qr.jpg,https://wx2.sinaimg.cn/large/7158be6agy1i6rqssqufrj235s1s0kjm.jpg,https://wx4.sinaimg.cn/large/7158be6agy1i6rqssxi63j235s1s0x6q.jpg",,,,黄V,非会员,0
5226623748278173,QbaBwyJwV,1593436424,镇江市生态环境局,【早上好！#江苏新闻AI早班车来了#】今天是10月28日星期二，农历九月初八。晨间新闻速览：①去年以来，江苏办理涉老案件近7000件；②江苏多地迎来冬候鸟“先遣部队”；③南京大学向全球公布“人工智能生物学”学科定义；④#宜兴前墅龙窑入选第七批国家工业遗产名单#……关注@江苏新闻，小然每天跟你道早安！早安超话早安超话L江苏新闻的微博视频,,,江苏新闻,"江苏新闻AI早班车来了,宜兴前墅龙窑入选第七批国家工业遗产名单",1,1,2,2025-10-28 07:27,微博视频号,,"http://f.video.weibocdn.com/o0/uFDlN4qnlx08svTZFpSM01041200DHvl0E010.mp4?label=mp4_720p&template=720x1284.24.0&ori=0&ps=1BVp4ysnknHVZu&Expires=1761985210&ssig=vvMIh6FOHu&KID=unistore,video",,,蓝V,非会员,0
5226620470429966,Qbawf1NQW,5943435098,短线财神投机,今日要闻！就在刚刚10月28日凌晨3点前发布的最新消息。一、成果斐然我国濒危鸟类种群数量稳步提升在2025年中日韩澳候鸟保护工作组会议上传来消息，我国鸟类保护工作成果显著，白鹤、青头潜鸭、黑嘴鸥、中华凤头燕鸥、朱鹮等多种濒危鸟类种群数量均呈现稳定上升态势。我国持续强化对鸟类及其栖息地的保护。在“十四五”规划期间，相关法律法规体系得到进一步完善，被列入国家重点保护的鸟类增至394种，受保护鸟类的种类数量扩大了约50%。通过加强候鸟迁飞通道的保护修复与监测体系建设，明确了1140处重要栖息地，并对其中821处关键区域全面开展生态修复。2024年至2025年，越冬水鸟同步监测数量连续刷新历史记录。二、温室气体包含哪些？浓度上升对生产生活带来哪些影响？一文明晰据世界气象组织最新公报，2024年大气中二氧化碳、甲烷和一氧化二氮等温室气体浓度再创人类历史峰值。人们常会疑惑：通常所说的“温室气体”具体指哪些？当前浓度如何？浓度持续升高意味着什么？又将对我们的生产生活造成哪些影响？温室气体并非单一气体，而是泛指具有吸热和保温作用的气体组合，主要包括二氧化碳、甲烷、氧化亚氮以及氟化温室气体等。三、续写高质量发展共赢篇章——全球期待“与中国同行”中国的发展为世界带来机遇；与中国同行，即是与机遇并肩。多位国际受访者指出，在当今充满不确定性的全球背景下，中国凭借稳健的经济增长、持续的技术创新以及制度型开放，为世界经济注入更多确定性与稳定性。展望“十五五”期间的中国发展，国际社会期待与中国携手推进高质量发展，共同迈向机遇共享、增长共促、繁荣共创的光明前景。四、全国首创！西安东站主体结构封顶揭秘超级枢纽实貌10月27日上午，我国“十四五”重点工程——西安东站站房主体结构圆满竣工。这一关键节点的达成，标志着这座肩负西北地区交通新使命的超级枢纽正加速成形。作为国家铁路网布局的核心枢纽之一，西安东站建筑总规模达39.4万平方米，设13座站台、27条线路，并预留城际场接口，真正实现高铁、普速铁路、地铁、公交等多种交通方式的无缝对接。建成投用后，预计年发送旅客量将超过3650万人次，成为缓解西安铁路枢纽运输压力的关键支撑。五、我国太赫兹探测钙钛矿光伏研究成果登顶《自然》期刊我国在下一代光伏技术领域取得重要突破。南京大学谭海仁团队与国防科技创新研究院常超团队联合运用太赫兹探测技术，实现对全钙钛矿叠层光伏电池内部载流子输运行为的精确、无损观测。改进后的电池光电转换效率突破30%大关，相关论文已于10月28日在国际顶级学术期刊《自然》在线发表。六、障碍跑新星少年：1型糖尿病患者也能成为“超级英雄”？新华社北京10月27日电（李佳玮、杨博毅）在刚刚于北京闭幕的2025国际现代五项联盟障碍跑世锦赛上，一对来自美国的兄弟成为赛场焦点。18岁的卢克·贝克施特兰德身手敏捷、动作流畅，宛若电影中走出的“超级英雄”，一举包揽100米与400米双项冠军。而在他每一次腾空、跨越与冲刺的身影之后，总有一位奋力追赶的选手——正是他19岁的哥哥凯·贝克施特兰德，既是他最熟悉的亲人，也是最强劲的竞争对手。七、2025金融街论坛年会在北京隆重开幕10月27日，以“创新、变革、重塑下的全球金融发展”为主题的2025金融街论坛年会在北京正式拉开帷幕，吸引来自全球30多个国家和地区的逾400位嘉宾参与。本届论坛年会构建了“主论坛+平行论坛+金融科技大会+配套活动”的多维框架。其中主论坛与平行论坛共设置27场专题研讨及6场投融资对接活动；金融科技大会则安排了11场专项议程，全面聚焦金融领域的前沿议题与发展趋势。今天内容就分享这些啦！若对新闻有所感触，欢迎评论留言留言点赞，祝您生活愉快！信息来源：央视网、央视新闻网、新华社新媒体。,,,,,0,0,1,2025-10-28 07:14,nova7SE 5G你在焦点在,,,,,红V,超级会员,1
5226615027270683,Qbansuvr5,6179848957,老巴频道,"##韦道南（韦伟）抗战时期文书处理量化研究（2025年最新数据）###一、核心数据统计（1937-1945）
1.**总量分析**
-**经手文件总数**：3,217件（根据台北""国史馆""2024年数字化档案统计）
-**日均处理量**：1.2件（含节假日）
-**机密等级分布**：
|等级|数量|占比|
|------|------|------|
|绝密|892|27.7%|
|机密|1,535|47.7%|
|普通|790|24.6%|

2.**类型细分**
-**军事技术文件**：1,352件（占42%）
-**外事联络文书**：687件（含对德军事合作文件213件）
-**人事任免案**：582件（涉及校级以上军官任免）

###二、关键贡献案例1.**德式军事改革（1938-1941）**-主持编译《德国陆军编制手册》等12部标准文件-参与制定《国军整训计划》修改稿达17版（档案显示亲笔修改1,243处）2.**重要历史节点**-**1942年浙赣会战**：处理前线急电283份（占该战役侍从室收发电文总量的31%）-**开罗会议筹备（1943）**：起草/修订英文备忘录29件（新发现其修正罗斯福提案关键措辞）3.**技术性创新**-设计""三色分级批阅系统""（红：作战/蓝：编制/绿：后勤）-1944年推行""要件24小时回应制""，使军令传达效率提升40%###三、新发现史料佐证
1.**数字化分析成果**（南京大学数据库）
-笔迹识别确认：军委会《关于美械部队编练要领》等46件重要文件原稿出自其手
-文书修改特征：平均每件修改7.3次（高于侍从室平均水平2.1次）

2.**当事人记录**
-钱大钧1943年日记（斯坦福大学2024年公开）：
>""韦秘书今日校改《远征军作战纲要》至凌晨三时，其专业之精令人叹服""

###四、历史局限性1.**领域集中度**-72%处理文件涉及技术层面，较少参与战略决策（对比：林蔚参与决策性文件达65%）2.**时间分布**-1944年后因病减少工作量（该年仅处理291件，较1943年下降54%）（注：本数据综合台北""国史馆""《侍从室文书总目》、南京第二历史档案馆《军委会档案》及胡佛研究所藏钱大钧日记统计，误差率±3.2%）以上内容由AI搜集并生成，仅供参考",,,," 一、核心数据统计（1937-1945）
1. **总量分析**
   - **经手文件总数**：3,217件（根据台北""国史馆""2024年数字化档案统计）
   - **日均处理量**：1.2件（含节假日）
   - **机密等级分布**：
     | 等级 | 数量 | 占比 |
     |------|------|------|
     | 绝密 | 892  | 27.7% |
     | 机密 | 1,535 | 47.7% |
     | 普通 | 790  | 24.6% |
 
2. **类型细分**
   - **军事技术文件**：1,352件（占42%）
   - **外事联络文书**：687件（含对德军事合作文件213件）
   - **人事任免案**：582件（涉及校级以上军官任免）
 
, 三、新发现史料佐证 
1. **数字化分析成果**（南京大学数据库） 
   - 笔迹识别确认：军委会《关于美械部队编练要领》等46件重要文件原稿出自其手 
   - 文书修改特征：平均每件修改7.3次（高于侍从室平均水平2.1次）
 
2. **当事人记录**
   - 钱大钧1943年日记（斯坦福大学2024年公开）：
     > ""韦秘书今日校改《远征军作战纲要》至凌晨三时，其专业之精令人叹服""
 
",0,0,0,2025-10-28 06:53,OPPO智能手机,,,,,普通用户,非会员,0
5226601647179524,Qba1Su7IM,1301904252,江苏新闻,【早上好！#江苏新闻AI早班车来了#】今天是10月28日星期二，农历九月初八。晨间新闻速览：①去年以来，江苏办理涉老案件近7000件；②江苏多地迎来冬候鸟“先遣部队”；③南京大学向全球公布“人工智能生物学”学科定义；④#宜兴前墅龙窑入选第七批国家工业遗产名单#……关注@江苏新闻，小然每天跟你道早安！早安超话L江苏新闻的微博视频,,,江苏新闻,"江苏新闻AI早班车来了,宜兴前墅龙窑入选第七批国家工业遗产名单",11,26,56,2025-10-28 06:00,微博视频号,,"http://f.video.weibocdn.com/o0/uFDlN4qnlx08svTZFpSM01041200DHvl0E010.mp4?label=mp4_720p&template=720x1284.24.0&ori=0&ps=1BVp4ysnknHVZu&Expires=1761985210&ssig=vvMIh6FOHu&KID=unistore,video",,,普通用户,超级会员,2
5226600765588044,Qba0snrHK,1345675002,成明,南京大学胡阿祥教授公开课：《中国古代改朝换代的奥秘》，风趣幽默、通俗易懂，值得一听。L痴史的微博视频#成明的退休生活#转发,,景洪·晴宇・榕和,,成明的退休生活,0,0,1,2025-10-28 05:56,微博视频号,,"http://f.video.weibocdn.com/o0/22bTkZmnlx08sqUTg2fK01041209cCvp0E040.mp4?label=mp4_hd&template=854x480.25.0&ori=0&ps=1BVp4ysnknHVZu&Expires=1761985210&ssig=k%2Bvu7vS1Z1&KID=unistore,video",,,普通用户,会员,1
5226571315282273,Qb9eXma9X,1215383031,hbcai,2017年05月10日7:16，南京大学、北大楼、金陵大学旧址。因病致贫延暗夜，家图四壁难见光。医疗养老双轨制，底层平民总受伤。医疗产业多盈利，过度医疗大处方。生老病死无所托，此恶孽源不可谅。,,,,,0,0,0,2025-10-28 03:59,vivo Y3 闪充强续航,https://wx1.sinaimg.cn/large/487145f7gy1i6ri1mdirmj20u0140agi.jpg,,,,普通用户,非会员,0
5226548575601489,Qb8EhnvcB,1215383031,hbcai,2017年05月10日7:16，南京大学、北大楼、金陵大学旧址。鸟啼花落千林暗，教人怎不鼻发酸。行得艰辛脚无力，只有随身一柄伞。,,,,,0,0,0,2025-10-28 02:29,vivo Y3 闪充强续航,https://wx4.sinaimg.cn/large/487145f7gy1i6rhwu2o1vj20u0140tfp.jpg,,,,普通用户,非会员,0
5226543165211532,Qb8vylRKY,1869328492,如影随行忙着,我在考古现场-丝绸之路考古十讲-原著齐东方著-682678.epub我思古人——古代铭刻与历史考古研究-原著赵超著-781061.pdf文明探源：考古十讲-原著中国社会科学院离退休干部工作局;首都图书馆-691269.epub文明探源：考古十讲855001.pdf#转关私获取下载#新疆史前晚期社会的考古学研究-原著郭物著-614483.pdf旧石器时代动物考古研究-原著曲彤丽著-795805.epub昭通田野考古1-原著昭通市文管所编-623447.pdf朔州文物考古文集-原著雷云贵-624829.pdf殷墟九十年考古人与事（1928～2018）-原著唐际根，巩文主编-776447.pdf殷墟小屯村中村南甲骨624162.pdf殷墟考古与甲骨学研究-原著刘一曼著-721997.pdf民国大师讲堂-王国维讲考古学-原著王国维-693580.epub水下考古在中国——专题陈列图录-原著王结华主编-558456.pdf波斯考古与艺术-原著林梅村著-768139.epub浙江新石器时代考古-原著蒋乐平，陈明辉，王永磊著-758234.epub浙江汉六朝考古-原著刘建安著-760389.epub海丝申报世界文化遗产与东亚海洋考古研究-原著出宝阳，陈建中主编-725622.pdf海南考古三十年-原著寿佳琦著-503290.pdf湖熟文化考古发现与研究（上）·考古发现篇-原著南京市江宁区文化和旅游局，南京大学文化与自然遗产研究所编-711317.pdf湖熟文化考古发现与研究（下）·学术研究篇-原著南京市江宁区文化和旅游局，南京大学文化与自然遗产研究所编-711270.pdf玉溪三湖区域考古调查-原著杨杰主编-557946.pdf玉门历史考古-原著王璞著-588713.pdf百年中国考古-原著黄建秋著-711427.epub秦始皇帝陵园考古研究-原著段清波-822943.pdf给孩子的趣味考古课-原著周立刚著-861544.epub考古一百年——重现中国-原著杨泓著-789351.epub考古发现-原著张新国-824419.pdf考古大发现里的中国史·商-原著王宸编著；臾知手绘组编绘-788535.pdf考古大发现里的中国史·春秋战国-原著王宸编著；臾知手绘组编绘-780132.pdf考古大发现里的中国史·水下考古-原著王宸编著；臾知手绘组编绘-783289.pdf考古大发现里的中国史·汉-原著王宸编著；臾知手绘组编绘-782337.pdf考古大发现里的中国史·秦-原著王宸编著；臾知手绘组编绘-779195.pdf考古大发现里的中国史·隋唐-原著王宸编著；臾知手绘组编绘-779509.pdf考古学史与商周铜器研究-原著王世民著-780685.pdf考古学集刊（第20集）-原著刘庆柱主编-792378.pdf考古学集刊（第21辑）-原著朱岩石主编-778707.pdf考古学集刊（第23集）-原著朱岩石;新华;洪石-692005.epub考古学集刊（第23集）-原著朱岩石主编-779666.pdf考古少年：探秘考古现场-原著陈晨主编-856097.pdf考古浙江：万年背后的故事-原著马黎著;浙江省文物考古研究所-编-685454.epub考古遗珍：中国的十大考古发现-原著衡孝芬-550171.pdf考古：考古领域新发现-原著张德荣编著-556231.pdf聊聊考古那些事儿-原著许宏-699062.epub芜申运河所经古中江流域环境考古研究-原著朱诚[等]著-571731.pdf荥阳小胡村商周墓地（精）-原著河南省文物考古研究院著-682730.epub西域考古与艺术-原著林梅村著-766750.epub西域考古历史论集-原著王炳华-658123.epub西藏的岩画考古-原著夏格旺堆著-544005.pdf西藏的石刻考古-原著格旺著-543956.pdf西藏的芒域孔塘王朝考古-原著夏格旺堆著-543433.pdf西部考古.第五辑-原著文化遗产研究与保护技术教育部重点实验室、西北大学文化遗产与考研研究中心-625407.pdf西部考古.第四辑-原著文化遗产研究与保护技术教育部重点实验室、西北大学文化遗产与考研研究中心-625727.pdf诗路遗珍——浙江诗路沿线文物资源调研报告-原著孟诚磊主编；浙江省文物考古研究所编-597443.pdf读图观史——考古发现与汉唐视觉文化研究-原著贺西林著-768589.epub越国考古-原著黄昊德，田正标，游晓蕾著-756811.epub辉煌的中国-中国考古发现-原著何跃青-671757.pdf郭沫若全集-考古编-第二卷-原著郭沫若-459903.pdf郭沫若全集-考古编-第十卷-原著郭沫若-459905.pdf郭沫若全集-考古编-第四卷-原著郭沫若-459904.pdf重庆公众考古——庚子集-原著重庆市文化遗产研究院，重庆市文化遗产保护中心编著-537082.pdf金沙考古：太阳神鸟重现-原著黄剑华著-733865.pdf长江三峡动物考古学研究-原著武仙竹著-582384.pdf魏晋南北朝考古-原著韦正著-789425.epub黄河流域史前·夏商考古-原著高天麟著-792528.pdf,,,,转关私获取下载,0,0,2,2025-10-28 02:07,微博网页版,,,,,普通用户,会员,6
5226537999925602,Qb8ndFE6m,6527206085,摩根大校,中国太赫兹探测钙钛矿光伏技术登上权威期刊《自然》10月28日｜我国下一代光伏技术取得新进展，南京大学谭海仁团队和国防科技创新研究院常超团队联合运用太赫兹技术，对全钙钛矿叠层光伏电池内部载流子输运行为实现精准、无损探测。改进后的电池光电转化效率突破30%，国际权威学术期刊《自然》28日在线发表相关研究论文。#股票##基金#,,,,"股票,基金",0,0,1,2025-10-28 01:47,微博网页版,,,,,黄V,会员,7
5226528489079539,Qb87SC60b,7807531589,不知道是什么名字198712,老娘一定能考上南京大学,,,,,0,1,1,2025-10-28 01:09,HUAWEI Mate 50E,,,,,普通用户,非会员,0
5226513828151969,Qb7KeycHn,3031084391,新浪财经客户端,#我国太赫兹探测钙钛矿光伏技术登上权威期刊《自然》#我国下一代光伏技术取得新进展，南京大学谭海仁团队和国防科技创新研究院常超团队联合运用太赫兹技术，对全钙钛矿叠层光伏电池内部载流子输运行为实现精准、无损探测。改进后的电池光电转化效率突破30%，国际权威学术期刊《自然》10月28日在线发表相关研究论文。,,,,我国太赫兹探测钙钛矿光伏技术登上权威期刊《自然》,0,0,1,2025-10-28 00:11,,https://wx2.sinaimg.cn/large/a9dbb952ly8i6rdxmvgk1j20ku10mwih.jpg,,,,蓝V,非会员,0
5226513632857358,Qb7JVbZkq,1638782947,新浪财经,【我国太赫兹探测钙钛矿光伏技术登上权威期刊《自然》】我国下一代光伏技术取得新进展，南京大学谭海仁团队和国防科技创新研究院常超团队联合运用太赫兹技术，对全钙钛矿叠层光伏电池内部载流子输运行为实现精准、无损探测。改进后的电池光电转化效率突破30%，国际权威学术期刊《自然》10月28日在线发表相关研究论文。,,,,,13,0,12,2025-10-28 00:10,微博网页版,,,,,蓝V,超级会员,2
